순위,선수명,팀명,G,SBA,SB,CS,SB%,OOB,PKO,연도,SB%_calc
1,박찬호,KIA,130,50,42,8,84.0,7,0,2022,84.0
2,김혜성,키움,129,41,34,7,82.9,4,1,2022,82.9
3,최지훈,SSG,144,38,31,7,81.6,5,3,2022,81.6
4,김지찬,삼성,113,29,25,4,86.2,3,0,2022,86.2
5,박해민,LG,144,30,24,6,80.0,8,1,2022,80.0
6,심우준,KT,132,25,23,2,92.0,3,0,2022,92.0
7,조수행,두산,117,29,22,7,75.9,2,0,2022,75.9
8,박민우,NC,104,25,21,4,84.0,9,1,2022,84.0
9,오지환,LG,142,27,20,7,74.1,5,2,2022,74.1
9,하주석,한화,125,26,20,6,76.9,7,0,2022,76.9
11,배정대,KT,144,23,19,4,82.6,9,2,2022,82.6
11,터크먼,한화,144,30,19,11,63.3,2,1,2022,63.3
13,노수광,한화,117,23,17,6,73.9,8,3,2022,73.9
14,정수빈,두산,127,23,15,8,65.2,4,1,2022,65.2
14,피렐라,삼성,141,20,15,5,75.0,5,2,2022,75.0
14,추신수,SSG,112,20,15,5,75.0,5,1,2022,75.0
17,김기환,NC,73,16,14,2,87.5,1,3,2022,87.5
18,강승호,두산,134,18,13,5,72.2,2,1,2022,72.2
18,홍창기,LG,118,17,13,4,76.5,1,0,2022,76.5
18,김도영,KIA,103,16,13,3,81.3,7,0,2022,81.2
18,김선빈,KIA,140,15,13,2,86.7,10,0,2022,86.7
22,이용규,키움,86,14,12,2,85.7,7,0,2022,85.7
22,박성한,SSG,140,20,12,8,60.0,2,0,2022,60.0
22,최정,SSG,121,17,12,5,70.6,4,0,2022,70.6
22,마티니,NC,139,16,12,4,75.0,5,0,2022,75.0
22,소크라테스,KIA,127,19,12,7,63.2,5,1,2022,63.2
27,구자욱,삼성,99,12,11,1,91.7,4,1,2022,91.7
27,오태곤,SSG,130,15,11,4,73.3,1,0,2022,73.3
29,허경민,두산,121,13,10,3,76.9,6,1,2022,76.9
29,김성윤,삼성,48,12,10,2,83.3,1,1,2022,83.3
29,김주원,NC,96,13,10,3,76.9,2,1,2022,76.9
29,황성빈,롯데,102,22,10,12,45.5,0,3,2022,45.5
29,정은원,한화,140,16,10,6,62.5,4,0,2022,62.5
34,문성주,LG,106,15,9,6,60.0,6,1,2022,60.0
35,서건창,LG,77,11,8,3,72.7,2,0,2022,72.7
35,박승욱,롯데,100,10,8,2,80.0,5,0,2022,80.0
35,류지혁,KIA,127,12,8,4,66.7,4,0,2022,66.7
38,문보경,LG,126,7,7,0,100.0,5,2,2022,100.0
38,박준영,NC,75,9,7,2,77.8,2,0,2022,77.8
38,손아섭,NC,138,10,7,3,70.0,6,0,2022,70.0
38,안치홍,롯데,132,9,7,2,77.8,4,0,2022,77.8
38,피터스,롯데,85,11,7,4,63.6,4,1,2022,63.6
43,김민혁,KT,132,15,6,9,40.0,3,1,2022,40.0
43,황재균,KT,141,9,6,3,66.7,3,1,2022,66.7
43,김현준,삼성,118,9,6,3,66.7,6,0,2022,66.7
43,채은성,LG,126,13,6,7,46.2,3,0,2022,46.2
43,푸이그,키움,126,9,6,3,66.7,12,1,2022,66.7
43,최승민,NC,44,9,6,3,66.7,1,0,2022,66.7
43,전준우,롯데,120,9,6,3,66.7,2,0,2022,66.7
43,나성범,KIA,144,7,6,1,85.7,5,0,2022,85.7
43,노시환,한화,115,8,6,2,75.0,2,1,2022,75.0
43,박정현,한화,81,7,6,1,85.7,3,0,2022,85.7
53,박병호,KT,124,8,5,3,62.5,3,0,2022,62.5
53,알포드,KT,80,6,5,1,83.3,6,1,2022,83.3
53,조용호,KT,131,9,5,4,55.6,4,0,2022,55.6
53,박계범,두산,77,8,5,3,62.5,3,0,2022,62.5
53,이정후,키움,142,5,5,0,100.0,1,1,2022,100.0
53,이명기,NC,94,9,5,4,55.6,5,0,2022,55.6
59,권동진,KT,48,4,4,0,100.0,1,0,2022,100.0
59,홍현빈,KT,61,4,4,0,100.0,0,0,2022,100.0
59,강진성,두산,40,4,4,0,100.0,1,0,2022,100.0
59,안재석,두산,99,4,4,0,100.0,4,0,2022,100.0
59,강한울,삼성,94,6,4,2,66.7,0,0,2022,66.7
59,김재혁,삼성,15,4,4,0,100.0,0,1,2022,100.0
59,가르시아,LG,39,5,4,1,80.0,2,2,2022,80.0
59,장두성,롯데,53,5,4,1,80.0,3,1,2022,80.0
59,정훈,롯데,91,5,4,1,80.0,2,0,2022,80.0
68,안권수,두산,76,7,3,4,42.9,3,0,2022,42.9
68,전민재,두산,35,3,3,0,100.0,1,0,2022,100.0
68,김헌곤,삼성,80,4,3,1,75.0,3,0,2022,75.0
68,이재원,LG,85,4,3,1,75.0,4,1,2022,75.0
68,김성현,SSG,130,6,3,3,50.0,5,0,2022,50.0
68,라가레스,SSG,49,4,3,1,75.0,3,0,2022,75.0
68,최상민,SSG,27,4,3,1,75.0,0,0,2022,75.0
68,박건우,NC,111,6,3,3,50.0,4,0,2022,50.0
68,서호철,NC,89,4,3,1,75.0,1,0,2022,75.0
68,양의지,NC,130,4,3,1,75.0,7,0,2022,75.0
68,렉스,롯데,56,3,3,0,100.0,5,0,2022,100.0
68,신윤후,롯데,49,4,3,1,75.0,0,0,2022,75.0
68,이호연,롯데,88,4,3,1,75.0,4,0,2022,75.0
68,이창진,KIA,111,8,3,5,37.5,4,0,2022,37.5
68,김태연,한화,119,5,3,2,60.0,6,0,2022,60.0
68,이도윤,한화,80,5,3,2,60.0,2,0,2022,60.0
84,김준태,KT,98,2,2,0,100.0,2,0,2022,100.0
84,라모스,KT,18,2,2,0,100.0,1,0,2022,100.0
84,오윤석,KT,112,3,2,1,66.7,1,0,2022,66.7
84,이시원,KT,31,2,2,0,100.0,0,0,2022,100.0
84,김대한,두산,51,3,2,1,66.7,2,0,2022,66.7
84,김재환,두산,128,3,2,1,66.7,5,0,2022,66.7
84,박세혁,두산,128,4,2,2,50.0,4,0,2022,50.0
84,김상수,삼성,72,3,2,1,66.7,3,0,2022,66.7
84,김성표,삼성,17,2,2,0,100.0,1,0,2022,100.0
84,박승규,삼성,62,2,2,0,100.0,0,1,2022,100.0
84,오선진,삼성,100,4,2,2,50.0,1,0,2022,50.0
84,오재일,삼성,135,3,2,1,66.7,4,0,2022,66.7
84,최영진,삼성,43,4,2,2,50.0,0,0,2022,50.0
84,김현수,LG,141,3,2,1,66.7,2,0,2022,66.7
84,송찬의,LG,33,3,2,1,66.7,2,0,2022,66.7
84,신민재,LG,14,4,2,2,50.0,0,0,2022,50.0
84,안상현,SSG,46,2,2,0,100.0,0,0,2022,100.0
84,최경모,SSG,98,2,2,0,100.0,3,0,2022,100.0
84,권희동,NC,82,3,2,1,66.7,1,0,2022,66.7
84,노진혁,NC,115,2,2,0,100.0,5,0,2022,100.0
84,오태양,NC,15,4,2,2,50.0,0,0,2022,50.0
84,이학주,롯데,91,6,2,4,33.3,2,1,2022,33.3
84,김호령,KIA,54,3,2,1,66.7,1,0,2022,66.7
84,김인환,한화,113,2,2,0,100.0,6,0,2022,100.0
84,이진영,한화,70,4,2,2,50.0,2,0,2022,50.0
84,장진혁,한화,41,3,2,1,66.7,1,0,2022,66.7
110,문상철,KT,28,1,1,0,100.0,0,0,2022,100.0
110,양승혁,KT,11,2,1,1,50.0,0,1,2022,50.0
110,장성우,KT,117,1,1,0,100.0,0,0,2022,100.0
110,장준원,KT,35,1,1,0,100.0,0,0,2022,100.0
110,김인태,두산,83,1,1,0,100.0,3,0,2022,100.0
110,신성현,두산,17,1,1,0,100.0,0,0,2022,100.0
110,양석환,두산,107,1,1,0,100.0,4,0,2022,100.0
110,오재원,두산,18,3,1,2,33.3,0,0,2022,33.3
110,이유찬,두산,13,2,1,1,50.0,0,0,2022,50.0
110,조민성,삼성,12,1,1,0,100.0,1,0,2022,100.0
110,루이즈,LG,27,1,1,0,100.0,0,0,2022,100.0
110,이상호,LG,60,3,1,2,33.3,0,0,2022,33.3
110,김주형,키움,55,1,1,0,100.0,1,0,2022,100.0
110,김준완,키움,111,2,1,1,50.0,3,0,2022,50.0
110,김태진,키움,77,3,1,2,33.3,1,0,2022,33.3
110,이병규,키움,24,1,1,0,100.0,2,0,2022,100.0
110,이지영,키움,137,2,1,1,50.0,3,1,2022,50.0
110,임지열,키움,40,1,1,0,100.0,1,0,2022,100.0
110,김강민,SSG,84,4,1,3,25.0,4,0,2022,25.0
110,이재원,SSG,105,1,1,0,100.0,1,0,2022,100.0
110,하재훈,SSG,60,1,1,0,100.0,1,0,2022,100.0
110,한유섬,SSG,135,2,1,1,50.0,1,0,2022,50.0
110,윤형준,NC,35,1,1,0,100.0,1,0,2022,100.0
110,정진기,NC,39,1,1,0,100.0,0,1,2022,100.0
110,천재환,NC,29,1,1,0,100.0,0,0,2022,100.0
110,고승민,롯데,92,5,1,4,20.0,0,0,2022,20.0
110,정보근,롯데,95,1,1,0,100.0,4,0,2022,100.0
110,추재현,롯데,33,1,1,0,100.0,3,0,2022,100.0
110,한태양,롯데,38,1,1,0,100.0,2,0,2022,100.0
110,고종욱,KIA,62,1,1,0,100.0,1,0,2022,100.0
110,박동원,KIA,123,1,1,0,100.0,5,1,2022,100.0
110,이우성,KIA,80,4,1,3,25.0,1,1,2022,25.0
110,최형우,KIA,132,1,1,0,100.0,3,1,2022,100.0
110,이성곤,한화,41,2,1,1,50.0,1,0,2022,50.0
110,최재훈,한화,114,2,1,1,50.0,1,0,2022,50.0
110,허관회,한화,15,1,1,0,100.0,0,0,2022,100.0
146,강백호,KT,62,0,0,0,,1,0,2022,
146,고명성,KT,1,0,0,0,,0,0,2022,
146,김병희,KT,41,3,0,3,0.0,1,0,2022,0.0
146,김재윤,KT,1,0,0,0,,0,0,2022,
146,김태훈,KT,7,0,0,0,,0,0,2022,
1,조수행,두산,130,72,64,8,88.9,2,2,2023,88.9
2,정수빈,두산,136,65,52,13,80.0,7,1,2023,80.0
3,황성빈,롯데,125,61,51,10,83.6,6,4,2023,83.6
4,박해민,LG,144,56,43,13,76.8,4,4,2023,76.8
5,김지찬,삼성,135,46,42,4,91.3,1,2,2023,91.3
6,김도영,KIA,141,44,40,4,90.9,5,1,2023,90.9
7,신민재,LG,128,43,32,11,74.4,7,0,2023,74.4
7,최지훈,SSG,125,37,32,5,86.5,2,0,2023,86.5
7,박민우,NC,121,39,32,7,82.1,6,4,2023,82.1
10,김혜성,키움,127,36,30,6,83.3,6,1,2023,83.3
11,오태곤,SSG,117,31,27,4,87.1,0,1,2023,87.1
12,최원준,KIA,136,30,21,9,70.0,3,1,2023,70.0
12,송성문,키움,142,21,21,0,100.0,3,1,2023,100.0
14,박찬호,KIA,134,33,20,13,60.6,4,1,2023,60.6
15,오지환,LG,108,21,17,4,81.0,4,0,2023,81.0
16,정준재,SSG,88,21,16,5,76.2,4,0,2023,76.2
16,김주원,NC,134,22,16,6,72.7,5,0,2023,72.7
16,강승호,두산,140,21,16,5,76.2,3,0,2023,76.2
16,이유찬,두산,103,22,16,6,72.7,5,1,2023,72.7
20,하재훈,SSG,107,17,15,2,88.2,1,0,2023,88.2
21,장두성,롯데,71,17,14,3,82.4,2,0,2023,82.4
21,장진혁,한화,99,20,14,6,70.0,0,2,2023,70.0
23,문성주,LG,96,20,13,7,65.0,5,0,2023,65.0
23,박성한,SSG,137,16,13,3,81.3,4,1,2023,81.2
23,소크라테스,KIA,140,18,13,5,72.2,11,1,2023,72.2
23,구자욱,삼성,129,17,13,4,76.5,10,1,2023,76.5
27,오스틴,LG,140,20,12,8,60.0,6,1,2023,60.0
28,최승민,LG,57,18,11,7,61.1,1,2,2023,61.1
28,류지혁,삼성,100,15,11,4,73.3,4,1,2023,73.3
30,홍창기,LG,139,21,10,11,47.6,8,1,2023,47.6
30,김성욱,NC,129,14,10,4,71.4,0,1,2023,71.4
32,배정대,KT,113,16,9,7,56.3,4,1,2023,56.2
32,김영웅,삼성,126,11,9,2,81.8,1,0,2023,81.8
32,이성규,삼성,122,11,9,2,81.8,1,0,2023,81.8
35,구본혁,LG,133,12,8,4,66.7,4,0,2023,66.7
35,박지환,SSG,76,11,8,3,72.7,4,0,2023,72.7
35,이지영,SSG,123,9,8,1,88.9,0,0,2023,88.9
35,천재환,NC,89,10,8,2,80.0,3,0,2023,80.0
35,이원석,한화,87,10,8,2,80.0,4,0,2023,80.0
40,문보경,LG,144,13,7,6,53.8,2,2,2023,53.8
40,심우준,KT,53,8,7,1,87.5,1,0,2023,87.5
40,천성호,KT,75,7,7,0,100.0,2,1,2023,100.0
40,최정원,NC,65,10,7,3,70.0,4,0,2023,70.0
40,전민재,두산,100,10,7,3,70.0,4,0,2023,70.0
40,이우성,KIA,112,8,7,1,87.5,5,0,2023,87.5
40,손호영,롯데,102,11,7,4,63.6,2,2,2023,63.6
40,윤동희,롯데,141,15,7,8,46.7,8,0,2023,46.7
40,페라자,한화,122,12,7,5,58.3,5,0,2023,58.3
49,김현수,LG,137,7,6,1,85.7,7,1,2023,85.7
49,최원영,LG,57,10,6,4,60.0,1,1,2023,60.0
49,강백호,KT,144,8,6,2,75.0,6,0,2023,75.0
49,문상철,KT,125,7,6,1,85.7,1,1,2023,85.7
49,최경모,SSG,50,9,6,3,66.7,0,0,2023,66.7
49,손아섭,NC,84,8,6,2,75.0,4,0,2023,75.0
49,노시환,한화,136,6,6,0,100.0,3,0,2023,100.0
49,이도윤,한화,134,10,6,4,60.0,2,1,2023,60.0
49,이주형,키움,115,6,6,0,100.0,2,0,2023,100.0
58,장성우,KT,131,5,5,0,100.0,3,0,2023,100.0
58,조용호,KT,60,6,5,1,83.3,1,1,2023,83.3
58,최정,SSG,129,6,5,1,83.3,4,0,2023,83.3
58,추신수,SSG,78,6,5,1,83.3,3,0,2023,83.3
58,양석환,두산,142,8,5,3,62.5,2,0,2023,62.5
58,허경민,두산,115,6,5,1,83.3,3,0,2023,83.3
58,김선빈,KIA,116,6,5,1,83.3,1,0,2023,83.3
58,홍종표,KIA,100,7,5,2,71.4,0,0,2023,71.4
58,고승민,롯데,120,9,5,4,55.6,6,0,2023,55.6
58,레이예스,롯데,144,5,5,0,100.0,5,1,2023,100.0
58,김태연,한화,126,7,5,2,71.4,5,0,2023,71.4
58,이상혁,한화,43,7,5,2,71.4,0,1,2023,71.4
70,김민혁,KT,115,6,4,2,66.7,3,0,2023,66.7
70,황재균,KT,137,10,4,6,40.0,4,0,2023,40.0
70,에레디아,SSG,136,7,4,3,57.1,7,0,2023,57.1
70,권희동,NC,123,4,4,0,100.0,3,1,2023,100.0
70,김휘집,NC,140,7,4,3,57.1,4,2,2023,57.1
70,박건우,NC,89,4,4,0,100.0,0,0,2023,100.0
70,박세혁,NC,82,4,4,0,100.0,1,0,2023,100.0
70,제러드,두산,38,4,4,0,100.0,3,0,2023,100.0
70,이창진,KIA,103,7,4,3,57.1,1,0,2023,57.1
70,박승욱,롯데,139,9,4,5,44.4,7,0,2023,44.4
70,김재상,삼성,35,4,4,0,100.0,1,0,2023,100.0
70,김헌곤,삼성,117,6,4,2,66.7,1,0,2023,66.7
70,박병호,삼성,120,4,4,0,100.0,1,0,2023,100.0
70,안주형,삼성,82,6,4,2,66.7,2,0,2023,66.7
70,황영묵,한화,123,11,4,7,36.4,2,0,2023,36.4
85,김상수,KT,113,5,3,2,60.0,1,0,2023,60.0
85,고명준,SSG,106,7,3,4,42.9,1,1,2023,42.9
85,박시원,NC,55,3,3,0,100.0,1,1,2023,100.0
85,라모스,두산,80,6,3,3,50.0,4,0,2023,50.0
85,여동건,두산,9,3,3,0,100.0,2,0,2023,100.0
85,김호령,KIA,64,5,3,2,60.0,1,0,2023,60.0
85,서건창,KIA,94,4,3,1,75.0,5,0,2023,75.0
85,김동혁,롯데,39,4,3,1,75.0,0,2,2023,75.0
85,김민석,롯데,41,4,3,1,75.0,0,0,2023,75.0
85,전준우,롯데,109,4,3,1,75.0,3,1,2023,75.0
85,강민호,삼성,136,3,3,0,100.0,7,0,2023,100.0
85,김성윤,삼성,32,4,3,1,75.0,0,0,2023,75.0
85,문현빈,한화,103,8,3,5,37.5,4,1,2023,37.5
85,안치홍,한화,128,5,3,2,60.0,2,0,2023,60.0
85,최인호,한화,82,3,3,0,100.0,3,0,2023,100.0
85,박수종,키움,80,3,3,0,100.0,2,0,2023,100.0
101,김대원,LG,19,3,2,1,66.7,1,0,2023,66.7
101,안익훈,LG,37,2,2,0,100.0,0,0,2023,100.0
101,로하스,KT,144,3,2,1,66.7,7,0,2023,66.7
101,신본기,KT,84,2,2,0,100.0,0,0,2023,100.0
101,김성현,SSG,71,2,2,0,100.0,0,0,2023,100.0
101,최상민,SSG,43,3,2,1,66.7,0,0,2023,66.7
101,박영빈,NC,19,3,2,1,66.7,0,0,2023,66.7
101,한석현,NC,40,3,2,1,66.7,1,0,2023,66.7
101,박준영,두산,65,2,2,0,100.0,1,0,2023,100.0
101,양의지,두산,119,3,2,1,66.7,8,0,2023,66.7
101,김재혁,삼성,35,4,2,2,50.0,2,0,2023,50.0
101,김현준,삼성,79,2,2,0,100.0,1,0,2023,100.0
101,이재현,삼성,109,3,2,1,66.7,2,0,2023,66.7
101,정은원,한화,27,2,2,0,100.0,1,0,2023,100.0
101,도슨,키움,95,4,2,2,50.0,5,0,2023,50.0
101,박주홍,키움,25,2,2,0,100.0,0,0,2023,100.0
101,원성준,키움,51,2,2,0,100.0,0,0,2023,100.0
101,이용규,키움,60,4,2,2,50.0,3,0,2023,50.0
119,박동원,LG,130,1,1,0,100.0,6,0,2023,100.0
119,송찬의,LG,10,1,1,0,100.0,0,0,2023,100.0
119,김창평,SSG,6,1,1,0,100.0,0,0,2023,100.0
119,안상현,SSG,37,2,1,1,50.0,0,0,2023,50.0
119,정현승,SSG,23,1,1,0,100.0,1,0,2023,100.0
119,도태훈,NC,100,1,1,0,100.0,1,0,2023,100.0
119,서호철,NC,141,4,1,3,25.0,9,0,2023,25.0
119,김대한,두산,61,2,1,1,50.0,3,0,2023,50.0
119,김재환,두산,136,2,1,1,50.0,1,0,2023,50.0
119,박계범,두산,24,1,1,0,100.0,1,0,2023,100.0
119,전다민,두산,25,2,1,1,50.0,1,0,2023,50.0
119,홍성호,두산,15,1,1,0,100.0,0,0,2023,100.0
119,김규성,KIA,27,1,1,0,100.0,0,0,2023,100.0
119,변우혁,KIA,69,1,1,0,100.0,1,0,2023,100.0
119,윤도현,KIA,6,1,1,0,100.0,0,0,2023,100.0
119,최형우,KIA,116,2,1,1,50.0,1,0,2023,50.0
119,나승엽,롯데,121,1,1,0,100.0,3,0,2023,100.0
119,정훈,롯데,109,2,1,1,50.0,2,1,2023,50.0
119,추재현,롯데,2,1,1,0,100.0,0,0,2023,100.0
119,맥키넌,삼성,72,1,1,0,100.0,2,0,2023,100.0
119,윤정빈,삼성,69,4,1,3,25.0,0,0,2023,25.0
119,박상언,한화,27,1,1,0,100.0,0,0,2023,100.0
119,채은성,한화,124,2,1,1,50.0,6,0,2023,50.0
119,하주석,한화,64,3,1,2,33.3,2,0,2023,33.3
119,김재현,키움,110,2,1,1,50.0,0,0,2023,50.0
119,이형종,키움,35,1,1,0,100.0,1,0,2023,100.0
119,임병욱,키움,42,1,1,0,100.0,0,0,2023,100.0
146,김대현,LG,3,0,0,0,,0,0,2023,
146,김정율,LG,19,0,0,0,,0,0,2023,
146,김범석,LG,70,0,0,0,,1,0,2023,
146,김성우,LG,4,0,0,0,,0,0,2023,
146,김성진,LG,14,0,0,0,,1,0,2023,
1,조수행,두산,130,72,64,8,88.9,2,2,2024,88.9
2,정수빈,두산,136,65,52,13,80.0,7,1,2024,80.0
3,황성빈,롯데,125,61,51,10,83.6,6,4,2024,83.6
4,박해민,LG,144,56,43,13,76.8,4,4,2024,76.8
5,김지찬,삼성,135,46,42,4,91.3,1,2,2024,91.3
6,김도영,KIA,141,44,40,4,90.9,5,1,2024,90.9
7,신민재,LG,128,43,32,11,74.4,7,0,2024,74.4
7,최지훈,SSG,125,37,32,5,86.5,2,0,2024,86.5
7,박민우,NC,121,39,32,7,82.1,6,4,2024,82.1
10,김혜성,키움,127,36,30,6,83.3,6,1,2024,83.3
11,오태곤,SSG,117,31,27,4,87.1,0,1,2024,87.1
12,최원준,KIA,136,30,21,9,70.0,3,1,2024,70.0
12,송성문,키움,142,21,21,0,100.0,3,1,2024,100.0
14,박찬호,KIA,134,33,20,13,60.6,4,1,2024,60.6
15,오지환,LG,108,21,17,4,81.0,4,0,2024,81.0
16,정준재,SSG,88,21,16,5,76.2,4,0,2024,76.2
16,김주원,NC,134,22,16,6,72.7,5,0,2024,72.7
16,강승호,두산,140,21,16,5,76.2,3,0,2024,76.2
16,이유찬,두산,103,22,16,6,72.7,5,1,2024,72.7
20,하재훈,SSG,107,17,15,2,88.2,1,0,2024,88.2
21,장두성,롯데,71,17,14,3,82.4,2,0,2024,82.4
21,장진혁,한화,99,20,14,6,70.0,0,2,2024,70.0
23,문성주,LG,96,20,13,7,65.0,5,0,2024,65.0
23,박성한,SSG,137,16,13,3,81.3,4,1,2024,81.2
23,소크라테스,KIA,140,18,13,5,72.2,11,1,2024,72.2
23,구자욱,삼성,129,17,13,4,76.5,10,1,2024,76.5
27,오스틴,LG,140,20,12,8,60.0,6,1,2024,60.0
28,최승민,LG,57,18,11,7,61.1,1,2,2024,61.1
28,류지혁,삼성,100,15,11,4,73.3,4,1,2024,73.3
30,홍창기,LG,139,21,10,11,47.6,8,1,2024,47.6
30,김성욱,NC,129,14,10,4,71.4,0,1,2024,71.4
32,배정대,KT,113,16,9,7,56.3,4,1,2024,56.2
32,김영웅,삼성,126,11,9,2,81.8,1,0,2024,81.8
32,이성규,삼성,122,11,9,2,81.8,1,0,2024,81.8
35,구본혁,LG,133,12,8,4,66.7,4,0,2024,66.7
35,박지환,SSG,76,11,8,3,72.7,4,0,2024,72.7
35,이지영,SSG,123,9,8,1,88.9,0,0,2024,88.9
35,천재환,NC,89,10,8,2,80.0,3,0,2024,80.0
35,이원석,한화,87,10,8,2,80.0,4,0,2024,80.0
40,문보경,LG,144,13,7,6,53.8,2,2,2024,53.8
40,심우준,KT,53,8,7,1,87.5,1,0,2024,87.5
40,천성호,KT,75,7,7,0,100.0,2,1,2024,100.0
40,최정원,NC,65,10,7,3,70.0,4,0,2024,70.0
40,전민재,두산,100,10,7,3,70.0,4,0,2024,70.0
40,이우성,KIA,112,8,7,1,87.5,5,0,2024,87.5
40,손호영,롯데,102,11,7,4,63.6,2,2,2024,63.6
40,윤동희,롯데,141,15,7,8,46.7,8,0,2024,46.7
40,페라자,한화,122,12,7,5,58.3,5,0,2024,58.3
49,김현수,LG,137,7,6,1,85.7,7,1,2024,85.7
49,최원영,LG,57,10,6,4,60.0,1,1,2024,60.0
49,강백호,KT,144,8,6,2,75.0,6,0,2024,75.0
49,문상철,KT,125,7,6,1,85.7,1,1,2024,85.7
49,최경모,SSG,50,9,6,3,66.7,0,0,2024,66.7
49,손아섭,NC,84,8,6,2,75.0,4,0,2024,75.0
49,노시환,한화,136,6,6,0,100.0,3,0,2024,100.0
49,이도윤,한화,134,10,6,4,60.0,2,1,2024,60.0
49,이주형,키움,115,6,6,0,100.0,2,0,2024,100.0
58,장성우,KT,131,5,5,0,100.0,3,0,2024,100.0
58,조용호,KT,60,6,5,1,83.3,1,1,2024,83.3
58,최정,SSG,129,6,5,1,83.3,4,0,2024,83.3
58,추신수,SSG,78,6,5,1,83.3,3,0,2024,83.3
58,양석환,두산,142,8,5,3,62.5,2,0,2024,62.5
58,허경민,두산,115,6,5,1,83.3,3,0,2024,83.3
58,김선빈,KIA,116,6,5,1,83.3,1,0,2024,83.3
58,홍종표,KIA,100,7,5,2,71.4,0,0,2024,71.4
58,고승민,롯데,120,9,5,4,55.6,6,0,2024,55.6
58,레이예스,롯데,144,5,5,0,100.0,5,1,2024,100.0
58,김태연,한화,126,7,5,2,71.4,5,0,2024,71.4
58,이상혁,한화,43,7,5,2,71.4,0,1,2024,71.4
70,김민혁,KT,115,6,4,2,66.7,3,0,2024,66.7
70,황재균,KT,137,10,4,6,40.0,4,0,2024,40.0
70,에레디아,SSG,136,7,4,3,57.1,7,0,2024,57.1
70,권희동,NC,123,4,4,0,100.0,3,1,2024,100.0
70,김휘집,NC,140,7,4,3,57.1,4,2,2024,57.1
70,박건우,NC,89,4,4,0,100.0,0,0,2024,100.0
70,박세혁,NC,82,4,4,0,100.0,1,0,2024,100.0
70,제러드,두산,38,4,4,0,100.0,3,0,2024,100.0
70,이창진,KIA,103,7,4,3,57.1,1,0,2024,57.1
70,박승욱,롯데,139,9,4,5,44.4,7,0,2024,44.4
70,김재상,삼성,35,4,4,0,100.0,1,0,2024,100.0
70,김헌곤,삼성,117,6,4,2,66.7,1,0,2024,66.7
70,박병호,삼성,120,4,4,0,100.0,1,0,2024,100.0
70,안주형,삼성,82,6,4,2,66.7,2,0,2024,66.7
70,황영묵,한화,123,11,4,7,36.4,2,0,2024,36.4
85,김상수,KT,113,5,3,2,60.0,1,0,2024,60.0
85,고명준,SSG,106,7,3,4,42.9,1,1,2024,42.9
85,박시원,NC,55,3,3,0,100.0,1,1,2024,100.0
85,라모스,두산,80,6,3,3,50.0,4,0,2024,50.0
85,여동건,두산,9,3,3,0,100.0,2,0,2024,100.0
85,김호령,KIA,64,5,3,2,60.0,1,0,2024,60.0
85,서건창,KIA,94,4,3,1,75.0,5,0,2024,75.0
85,김동혁,롯데,39,4,3,1,75.0,0,2,2024,75.0
85,김민석,롯데,41,4,3,1,75.0,0,0,2024,75.0
85,전준우,롯데,109,4,3,1,75.0,3,1,2024,75.0
85,강민호,삼성,136,3,3,0,100.0,7,0,2024,100.0
85,김성윤,삼성,32,4,3,1,75.0,0,0,2024,75.0
85,문현빈,한화,103,8,3,5,37.5,4,1,2024,37.5
85,안치홍,한화,128,5,3,2,60.0,2,0,2024,60.0
85,최인호,한화,82,3,3,0,100.0,3,0,2024,100.0
85,박수종,키움,80,3,3,0,100.0,2,0,2024,100.0
101,김대원,LG,19,3,2,1,66.7,1,0,2024,66.7
101,안익훈,LG,37,2,2,0,100.0,0,0,2024,100.0
101,로하스,KT,144,3,2,1,66.7,7,0,2024,66.7
101,신본기,KT,84,2,2,0,100.0,0,0,2024,100.0
101,김성현,SSG,71,2,2,0,100.0,0,0,2024,100.0
101,최상민,SSG,43,3,2,1,66.7,0,0,2024,66.7
101,박영빈,NC,19,3,2,1,66.7,0,0,2024,66.7
101,한석현,NC,40,3,2,1,66.7,1,0,2024,66.7
101,박준영,두산,65,2,2,0,100.0,1,0,2024,100.0
101,양의지,두산,119,3,2,1,66.7,8,0,2024,66.7
101,김재혁,삼성,35,4,2,2,50.0,2,0,2024,50.0
101,김현준,삼성,79,2,2,0,100.0,1,0,2024,100.0
101,이재현,삼성,109,3,2,1,66.7,2,0,2024,66.7
101,정은원,한화,27,2,2,0,100.0,1,0,2024,100.0
101,도슨,키움,95,4,2,2,50.0,5,0,2024,50.0
101,박주홍,키움,25,2,2,0,100.0,0,0,2024,100.0
101,원성준,키움,51,2,2,0,100.0,0,0,2024,100.0
101,이용규,키움,60,4,2,2,50.0,3,0,2024,50.0
119,박동원,LG,130,1,1,0,100.0,6,0,2024,100.0
119,송찬의,LG,10,1,1,0,100.0,0,0,2024,100.0
119,김창평,SSG,6,1,1,0,100.0,0,0,2024,100.0
119,안상현,SSG,37,2,1,1,50.0,0,0,2024,50.0
119,정현승,SSG,23,1,1,0,100.0,1,0,2024,100.0
119,도태훈,NC,100,1,1,0,100.0,1,0,2024,100.0
119,서호철,NC,141,4,1,3,25.0,9,0,2024,25.0
119,김대한,두산,61,2,1,1,50.0,3,0,2024,50.0
119,김재환,두산,136,2,1,1,50.0,1,0,2024,50.0
119,박계범,두산,24,1,1,0,100.0,1,0,2024,100.0
119,전다민,두산,25,2,1,1,50.0,1,0,2024,50.0
119,홍성호,두산,15,1,1,0,100.0,0,0,2024,100.0
119,김규성,KIA,27,1,1,0,100.0,0,0,2024,100.0
119,변우혁,KIA,69,1,1,0,100.0,1,0,2024,100.0
119,윤도현,KIA,6,1,1,0,100.0,0,0,2024,100.0
119,최형우,KIA,116,2,1,1,50.0,1,0,2024,50.0
119,나승엽,롯데,121,1,1,0,100.0,3,0,2024,100.0
119,정훈,롯데,109,2,1,1,50.0,2,1,2024,50.0
119,추재현,롯데,2,1,1,0,100.0,0,0,2024,100.0
119,맥키넌,삼성,72,1,1,0,100.0,2,0,2024,100.0
119,윤정빈,삼성,69,4,1,3,25.0,0,0,2024,25.0
119,박상언,한화,27,1,1,0,100.0,0,0,2024,100.0
119,채은성,한화,124,2,1,1,50.0,6,0,2024,50.0
119,하주석,한화,64,3,1,2,33.3,2,0,2024,33.3
119,김재현,키움,110,2,1,1,50.0,0,0,2024,50.0
119,이형종,키움,35,1,1,0,100.0,1,0,2024,100.0
119,임병욱,키움,42,1,1,0,100.0,0,0,2024,100.0
146,김대현,LG,3,0,0,0,,0,0,2024,
146,김정율,LG,19,0,0,0,,0,0,2024,
146,김범석,LG,70,0,0,0,,1,0,2024,
146,김성우,LG,4,0,0,0,,0,0,2024,
146,김성진,LG,14,0,0,0,,1,0,2024,
1,박해민,LG,144,63,49,14,77.8,5,0,2025,77.8
2,김주원,NC,144,55,44,11,80.0,1,3,2025,80.0
3,정준재,SSG,132,45,37,8,82.2,4,0,2025,82.2
4,조수행,두산,108,37,30,7,81.1,3,1,2025,81.1
4,최정원,NC,91,36,30,6,83.3,2,0,2025,83.3
6,최지훈,SSG,140,35,28,7,80.0,6,2,2025,80.0
6,박민우,NC,117,36,28,8,77.8,8,2,2025,77.8
8,박찬호,KIA,134,33,27,6,81.8,5,0,2025,81.8
9,김성윤,삼성,127,33,26,7,78.8,8,0,2025,78.8
9,정수빈,두산,132,39,26,13,66.7,2,1,2025,66.7
9,최원준,NC,126,34,26,8,76.5,7,3,2025,76.5
12,오태곤,SSG,122,33,25,8,75.8,2,0,2025,75.8
12,황성빈,롯데,79,29,25,4,86.2,1,0,2025,86.2
12,송성문,키움,144,27,25,2,92.6,6,2,2025,92.6
15,김지찬,삼성,90,25,22,3,88.0,5,0,2025,88.0
15,이원석,한화,129,25,22,3,88.0,3,3,2025,88.0
17,케이브,두산,136,18,17,1,94.4,8,0,2025,94.4
17,안상현,SSG,102,23,17,6,73.9,2,0,2025,73.9
17,장두성,롯데,118,22,17,5,77.3,5,1,2025,77.3
17,문현빈,한화,141,23,17,6,73.9,4,2,2025,73.9
21,신민재,LG,135,24,15,9,62.5,4,1,2025,62.5
21,천재환,NC,129,20,15,5,75.0,1,0,2025,75.0
21,이주형,키움,127,16,15,1,93.8,2,2,2025,93.8
24,강승호,두산,115,17,14,3,82.4,3,1,2025,82.4
24,노시환,한화,144,19,14,5,73.7,9,1,2025,73.7
26,김동혁,롯데,93,17,13,4,76.5,2,0,2025,76.5
26,플로리얼,한화,65,16,13,3,81.3,4,2,2025,81.2
26,임지열,키움,102,19,13,6,68.4,3,0,2025,68.4
29,김호령,KIA,105,13,12,1,92.3,7,0,2025,92.3
29,이유찬,두산,89,14,12,2,85.7,3,0,2025,85.7
31,류지혁,삼성,129,17,11,6,64.7,11,2,2025,64.7
31,김민혁,KT,106,14,11,3,78.6,2,0,2025,78.6
31,심우준,한화,94,12,11,1,91.7,3,1,2025,91.7
31,박주홍,키움,102,12,11,1,91.7,2,1,2025,91.7
35,구본혁,LG,131,15,10,5,66.7,2,1,2025,66.7
35,박준순,두산,91,12,10,2,83.3,5,0,2025,83.3
35,김휘집,NC,142,12,10,2,83.3,2,1,2025,83.3
38,오지환,LG,127,16,9,7,56.3,7,0,2025,56.2
39,최원영,LG,119,12,8,4,66.7,1,2,2025,66.7
40,김재환,두산,103,9,7,2,77.8,7,0,2025,77.8
40,안현민,KT,112,8,7,1,87.5,3,2,2025,87.5
40,레이예스,롯데,144,8,7,1,87.5,6,0,2025,87.5
40,손호영,롯데,97,7,7,0,100.0,4,0,2025,100.0
40,서호철,NC,103,10,7,3,70.0,7,0,2025,70.0
45,김영웅,삼성,125,8,6,2,75.0,3,0,2025,75.0
45,이재현,삼성,139,7,6,1,85.7,2,0,2025,85.7
45,배정대,KT,99,9,6,3,66.7,2,0,2025,66.7
45,박건우,NC,124,10,6,4,60.0,2,0,2025,60.0
49,김규성,KIA,133,7,5,2,71.4,0,0,2025,71.4
49,박승규,삼성,64,9,5,4,55.6,0,0,2025,55.6
49,양도근,삼성,116,6,5,1,83.3,3,0,2025,83.3
49,오명진,두산,107,8,5,3,62.5,4,1,2025,62.5
49,박성한,SSG,127,11,5,6,45.5,4,1,2025,45.5
49,고승민,롯데,121,6,5,1,83.3,4,0,2025,83.3
49,김태연,한화,120,8,5,3,62.5,2,0,2025,62.5
49,권희동,NC,136,10,5,5,50.0,4,0,2025,50.0
57,김선빈,KIA,84,4,4,0,100.0,3,0,2025,100.0
57,박재현,KIA,58,7,4,3,57.1,0,0,2025,57.1
57,구자욱,삼성,142,5,4,1,80.0,7,0,2025,80.0
57,김현수,LG,140,4,4,0,100.0,4,0,2025,100.0
57,문성주,LG,135,7,4,3,57.1,8,0,2025,57.1
57,박동원,LG,139,4,4,0,100.0,7,0,2025,100.0
57,양의지,두산,130,6,4,2,66.7,5,1,2025,66.7
57,허경민,KT,114,5,4,1,80.0,4,0,2025,80.0
57,윤동희,롯데,97,6,4,2,66.7,1,1,2025,66.7
57,박영빈,NC,16,6,4,2,66.7,0,1,2025,66.7
57,전태현,키움,77,4,4,0,100.0,1,0,2025,100.0
57,주성원,키움,58,4,4,0,100.0,3,0,2025,100.0
69,김도영,KIA,30,3,3,0,100.0,1,0,2025,100.0
69,위즈덤,KIA,119,3,3,0,100.0,0,2,2025,100.0
69,심재훈,삼성,31,4,3,1,75.0,1,0,2025,75.0
69,문보경,LG,141,4,3,1,75.0,3,0,2025,75.0
69,오스틴,LG,116,3,3,0,100.0,2,0,2025,100.0
69,천성호,LG,83,4,3,1,75.0,2,2,2025,75.0
69,홍창기,LG,51,3,3,0,100.0,1,0,2025,100.0
69,김민석,두산,95,5,3,2,60.0,3,1,2025,60.0
69,박계범,두산,94,4,3,1,75.0,5,1,2025,75.0
69,박준영,두산,41,3,3,0,100.0,1,0,2025,100.0
69,전다민,두산,22,3,3,0,100.0,0,1,2025,100.0
69,권동진,KT,123,4,3,1,75.0,1,1,2025,75.0
69,김상수,KT,113,4,3,1,75.0,1,0,2025,75.0
69,황재균,KT,112,4,3,1,75.0,6,0,2025,75.0
69,전민재,롯데,101,6,3,3,50.0,4,0,2025,50.0
69,한태양,롯데,108,5,3,2,60.0,3,0,2025,60.0
69,안치홍,한화,66,3,3,0,100.0,2,0,2025,100.0
69,이상혁,한화,39,7,3,4,42.9,0,1,2025,42.9
69,김형준,NC,127,3,3,0,100.0,7,0,2025,100.0
69,도태훈,NC,61,3,3,0,100.0,1,1,2025,100.0
69,오영수,NC,67,5,3,2,60.0,0,1,2025,60.0
90,고종욱,KIA,46,3,2,1,66.7,3,0,2025,66.7
90,박정우,KIA,53,3,2,1,66.7,2,0,2025,66.7
90,윤도현,KIA,40,3,2,1,66.7,1,0,2025,66.7
90,강민호,삼성,127,4,2,2,50.0,5,0,2025,50.0
90,김헌곤,삼성,77,3,2,1,66.7,0,0,2025,66.7
90,이성규,삼성,68,4,2,2,50.0,1,0,2025,50.0
90,송찬의,LG,66,4,2,2,50.0,0,1,2025,50.0
90,안재석,두산,35,3,2,1,66.7,2,0,2025,66.7
90,강백호,KT,95,6,2,4,33.3,1,2,2025,33.3
90,스티븐슨,KT,39,2,2,0,100.0,5,1,2025,100.0
90,유준규,KT,35,3,2,1,66.7,1,0,2025,66.7
90,고명준,SSG,130,2,2,0,100.0,1,0,2025,100.0
90,이지영,SSG,76,3,2,1,66.7,2,0,2025,66.7
90,채현우,SSG,41,2,2,0,100.0,0,0,2025,100.0
90,최준우,SSG,78,2,2,0,100.0,1,0,2025,100.0
90,전준우,롯데,114,3,2,1,66.7,4,0,2025,66.7
90,임종찬,한화,17,2,2,0,100.0,1,0,2025,100.0
90,하주석,한화,95,3,2,1,66.7,3,0,2025,66.7
90,고승완,NC,17,3,2,1,66.7,0,0,2025,66.7
90,오태양,NC,14,3,2,1,66.7,0,0,2025,66.7
90,이우성,NC,105,3,2,1,66.7,5,1,2025,66.7
90,김건희,키움,105,3,2,1,66.7,1,0,2025,66.7
112,박민,KIA,71,1,1,0,100.0,0,0,2025,100.0
112,서건창,KIA,10,1,1,0,100.0,0,0,2025,100.0
112,최형우,KIA,133,1,1,0,100.0,4,0,2025,100.0
112,김태훈,삼성,51,1,1,0,100.0,1,0,2025,100.0
112,디아즈,삼성,144,1,1,0,100.0,5,1,2025,100.0
112,이창용,삼성,11,1,1,0,100.0,0,0,2025,100.0
112,전병우,삼성,59,1,1,0,100.0,0,0,2025,100.0
112,김정율,LG,13,1,1,0,100.0,0,0,2025,100.0
112,손용준,LG,9,1,1,0,100.0,0,0,2025,100.0
112,이영빈,LG,44,1,1,0,100.0,0,1,2025,100.0
112,최승민,LG,19,3,1,2,33.3,0,0,2025,33.3
112,김기연,두산,100,1,1,0,100.0,1,0,2025,100.0
112,김동준,두산,36,2,1,1,50.0,0,0,2025,50.0
112,박지훈,두산,37,1,1,0,100.0,3,0,2025,100.0
112,양석환,두산,72,1,1,0,100.0,1,0,2025,100.0
112,임종성,두산,33,1,1,0,100.0,0,0,2025,100.0
112,로하스,KT,95,2,1,1,50.0,2,0,2025,50.0
112,문상철,KT,79,2,1,1,50.0,1,0,2025,50.0
112,윤준혁,KT,28,1,1,0,100.0,0,0,2025,100.0
112,장진혁,KT,86,1,1,0,100.0,0,1,2025,100.0
112,최성민,KT,32,1,1,0,100.0,0,0,2025,100.0
112,김성욱,SSG,56,3,1,2,33.3,1,0,2025,33.3
112,김성현,SSG,59,2,1,1,50.0,1,0,2025,50.0
112,김태윤,SSG,8,2,1,1,50.0,0,0,2025,50.0
112,에레디아,SSG,96,3,1,2,33.3,5,0,2025,33.3
112,최상민,SSG,23,2,1,1,50.0,1,0,2025,50.0
112,최정,SSG,95,1,1,0,100.0,3,0,2025,100.0
112,하재훈,SSG,18,3,1,2,33.3,0,0,2025,33.3
112,한유섬,SSG,128,1,1,0,100.0,2,0,2025,100.0
112,홍대인,SSG,14,2,1,1,50.0,0,0,2025,50.0
112,박승욱,롯데,54,2,1,1,50.0,0,0,2025,50.0
112,박찬형,롯데,48,2,1,1,50.0,4,0,2025,50.0
112,신윤후,롯데,12,1,1,0,100.0,1,0,2025,100.0
112,이호준,롯데,99,1,1,0,100.0,1,0,2025,100.0
112,한승현,롯데,19,2,1,1,50.0,0,0,2025,50.0
112,리베라토,한화,62,1,1,0,100.0,3,0,2025,100.0
112,유로결,한화,20,1,1,0,100.0,0,2,2025,100.0
112,이도윤,한화,113,1,1,0,100.0,1,0,2025,100.0
112,이재원,한화,98,2,1,1,50.0,0,0,2025,50.0
1,박민우,NC,20,13,11,2,84.6,0,0,2026,84.6
2,류지혁,삼성,21,9,8,1,88.9,0,1,2026,88.9
2,박찬호,두산,22,8,8,0,100.0,0,0,2026,100.0
4,최정원,NC,19,8,7,1,87.5,0,0,2026,87.5
5,박해민,LG,21,6,5,1,83.3,3,0,2026,83.3
5,심우준,한화,18,5,5,0,100.0,0,0,2026,100.0
5,김주원,NC,21,5,5,0,100.0,1,1,2026,100.0
5,황성빈,롯데,16,6,5,1,83.3,0,0,2026,83.3
9,최원영,LG,15,5,4,1,80.0,0,0,2026,80.0
9,페라자,한화,21,4,4,0,100.0,1,0,2026,100.0
9,김지찬,삼성,21,4,4,0,100.0,0,0,2026,100.0
9,허윤,NC,12,4,4,0,100.0,0,0,2026,100.0
9,한태양,롯데,20,4,4,0,100.0,1,0,2026,100.0
9,정수빈,두산,22,4,4,0,100.0,0,0,2026,100.0
9,이주형,키움,20,4,4,0,100.0,0,0,2026,100.0
16,신민재,LG,21,4,3,1,75.0,0,1,2026,75.0
16,천성호,LG,20,3,3,0,100.0,1,0,2026,100.0
16,박성한,SSG,21,4,3,1,75.0,0,0,2026,75.0
16,최지훈,SSG,21,3,3,0,100.0,1,0,2026,100.0
16,김호령,KIA,22,5,3,2,60.0,0,1,2026,60.0
21,홍창기,LG,17,2,2,0,100.0,0,0,2026,100.0
21,오태곤,SSG,17,2,2,0,100.0,0,0,2026,100.0
21,정준재,SSG,19,2,2,0,100.0,0,0,2026,100.0
21,최정,SSG,21,2,2,0,100.0,0,0,2026,100.0
21,박건우,NC,21,3,2,1,66.7,0,0,2026,66.7
21,최원준,KT,21,5,2,3,40.0,0,0,2026,40.0
21,힐리어드,KT,22,2,2,0,100.0,1,0,2026,100.0
21,장두성,롯데,19,2,2,0,100.0,1,0,2026,100.0
21,박재현,KIA,19,2,2,0,100.0,0,0,2026,100.0
30,문성주,LG,21,2,1,1,50.0,1,0,2026,50.0
30,오지환,LG,20,2,1,1,50.0,2,0,2026,50.0
30,문현빈,한화,20,2,1,1,50.0,1,1,2026,50.0
30,이원석,한화,12,4,1,3,25.0,1,1,2026,25.0
30,채은성,한화,21,1,1,0,100.0,0,0,2026,100.0
30,황영묵,한화,7,2,1,1,50.0,0,0,2026,50.0
30,고명준,SSG,17,1,1,0,100.0,0,0,2026,100.0
30,김성욱,SSG,21,1,1,0,100.0,0,0,2026,100.0
30,안상현,SSG,14,2,1,1,50.0,1,0,2026,50.0
30,이지영,SSG,15,1,1,0,100.0,0,0,2026,100.0
30,채현우,SSG,16,1,1,0,100.0,0,0,2026,100.0
30,한유섬,SSG,19,1,1,0,100.0,2,0,2026,100.0
30,고준휘,NC,4,1,1,0,100.0,0,0,2026,100.0
30,김휘집,NC,16,3,1,2,33.3,2,0,2026,33.3
30,데이비슨,NC,20,1,1,0,100.0,0,0,2026,100.0
30,서호철,NC,21,1,1,0,100.0,1,0,2026,100.0
30,배정대,KT,15,2,1,1,50.0,0,0,2026,50.0
30,안현민,KT,14,1,1,0,100.0,1,0,2026,100.0
30,유준규,KT,4,1,1,0,100.0,0,0,2026,100.0
30,허경민,KT,7,1,1,0,100.0,0,0,2026,100.0
30,레이예스,롯데,21,1,1,0,100.0,1,0,2026,100.0
30,전민재,롯데,20,1,1,0,100.0,2,0,2026,100.0
30,한동희,롯데,17,1,1,0,100.0,1,0,2026,100.0
30,고종욱,KIA,8,1,1,0,100.0,0,0,2026,100.0
30,김규성,KIA,20,1,1,0,100.0,0,0,2026,100.0
30,김도영,KIA,22,1,1,0,100.0,0,0,2026,100.0
30,데일,KIA,21,1,1,0,100.0,0,0,2026,100.0
30,윤도현,KIA,5,1,1,0,100.0,0,0,2026,100.0
30,박지훈,두산,21,1,1,0,100.0,0,0,2026,100.0
30,안재석,두산,14,1,1,0,100.0,0,0,2026,100.0
30,조수행,두산,15,2,1,1,50.0,0,0,2026,50.0
30,카메론,두산,22,1,1,0,100.0,0,0,2026,100.0
30,브룩스,키움,21,1,1,0,100.0,3,0,2026,100.0
30,이형종,키움,18,1,1,0,100.0,0,0,2026,100.0
64,구본혁,LG,20,0,0,0,,0,0,2026,
64,문보경,LG,20,0,0,0,,0,0,2026,
64,박동원,LG,20,1,0,1,0.0,2,0,2026,0.0
64,송찬의,LG,4,0,0,0,,0,0,2026,
64,오스틴,LG,21,1,0,1,0.0,1,0,2026,0.0
64,이영빈,LG,10,0,0,0,,0,0,2026,
64,이재원,LG,12,0,0,0,,0,0,2026,
64,이주헌,LG,11,0,0,0,,0,0,2026,
64,강백호,한화,21,0,0,0,,1,0,2026,
64,김서현,한화,1,0,0,0,,0,0,2026,
64,김태연,한화,14,0,0,0,,0,0,2026,
64,노시환,한화,14,1,0,1,0.0,0,0,2026,0.0
64,박정현,한화,2,0,0,0,,0,0,2026,
64,오재원,한화,18,0,0,0,,0,0,2026,
64,이도윤,한화,15,0,0,0,,0,0,2026,
64,이진영,한화,4,0,0,0,,0,0,2026,
64,장규현,한화,1,0,0,0,,0,0,2026,
64,최유빈,한화,4,0,0,0,,0,0,2026,
64,최인호,한화,9,0,0,0,,0,0,2026,
64,최재훈,한화,16,0,0,0,,0,0,2026,
64,쿠싱,한화,1,0,0,0,,0,0,2026,
64,하주석,한화,19,0,0,0,,0,0,2026,
64,허인서,한화,15,0,0,0,,0,0,2026,
64,김민식,SSG,2,0,0,0,,0,0,2026,
64,김민준,SSG,2,0,0,0,,0,0,2026,
64,김재환,SSG,21,0,0,0,,0,0,2026,
64,석정우,SSG,3,0,0,0,,0,0,2026,
64,에레디아,SSG,21,1,0,1,0.0,1,0,2026,0.0
64,임근우,SSG,1,0,0,0,,0,0,2026,
64,전영준,SSG,1,0,0,0,,0,0,2026,
64,조형우,SSG,15,0,0,0,,0,0,2026,
64,최준우,SSG,3,0,0,0,,0,0,2026,
64,홍대인,SSG,9,0,0,0,,0,0,2026,
64,강민호,삼성,20,2,0,2,0.0,1,0,2026,0.0
64,구자욱,삼성,13,0,0,0,,0,0,2026,
64,김성윤,삼성,7,1,0,1,0.0,0,0,2026,0.0
64,김영웅,삼성,10,0,0,0,,1,0,2026,
64,김재상,삼성,2,0,0,0,,0,0,2026,
64,김재혁,삼성,4,0,0,0,,0,0,2026,
64,김태훈,삼성,2,0,0,0,,0,0,2026,
64,김헌곤,삼성,16,2,0,2,0.0,0,1,2026,0.0
64,디아즈,삼성,21,0,0,0,,1,0,2026,
64,박세혁,삼성,12,0,0,0,,0,0,2026,
64,박승규,삼성,10,0,0,0,,0,0,2026,
64,심재훈,삼성,2,0,0,0,,0,0,2026,
64,양우현,삼성,8,0,0,0,,0,0,2026,
64,윤정빈,삼성,1,0,0,0,,0,0,2026,
64,이성규,삼성,4,0,0,0,,0,0,2026,
64,이재현,삼성,18,0,0,0,,0,0,2026,
64,이해승,삼성,15,0,0,0,,0,0,2026,
64,전병우,삼성,15,0,0,0,,0,0,2026,
64,차승준,삼성,1,0,0,0,,0,0,2026,
64,최형우,삼성,21,0,0,0,,1,0,2026,
64,함수호,삼성,11,0,0,0,,0,0,2026,
64,홍현빈,삼성,9,0,0,0,,0,0,2026,
64,권희동,NC,2,0,0,0,,0,0,2026,
64,김정호,NC,7,0,0,0,,0,0,2026,
64,김한별,NC,5,0,0,0,,0,0,2026,
64,김형준,NC,20,0,0,0,,1,0,2026,
64,도태훈,NC,3,0,0,0,,0,0,2026,
64,신재인,NC,17,0,0,0,,0,0,2026,
64,안중열,NC,5,0,0,0,,0,0,2026,
64,오영수,NC,11,0,0,0,,0,0,2026,
64,오장한,NC,1,0,0,0,,0,0,2026,
64,오태양,NC,4,0,0,0,,0,0,2026,
64,이우성,NC,19,0,0,0,,2,0,2026,
64,천재환,NC,18,0,0,0,,0,0,2026,
64,한석현,NC,15,0,0,0,,0,0,2026,
64,한재환,NC,1,0,0,0,,0,0,2026,
64,강민성,KT,1,0,0,0,,0,0,2026,
64,강현우,KT,2,0,0,0,,0,0,2026,
64,권동진,KT,13,0,0,0,,0,0,2026,
64,김민석,KT,1,0,0,0,,0,0,2026,
64,김민수,KT,1,0,0,0,,0,0,2026,
64,김민혁,KT,3,0,0,0,,1,0,2026,
64,김상수,KT,20,1,0,1,0.0,0,0,2026,0.0
64,김현수,KT,22,1,0,1,0.0,0,0,2026,0.0
64,류현인,KT,15,0,0,0,,0,0,2026,
64,박영현,KT,2,0,0,0,,0,0,2026,
64,안치영,KT,4,0,0,0,,0,0,2026,
64,오윤석,KT,18,0,0,0,,1,0,2026,
64,우규민,KT,2,0,0,0,,0,0,2026,
64,이강민,KT,22,0,0,0,,0,0,2026,
64,이정훈,KT,11,0,0,0,,0,0,2026,
64,장성우,KT,22,0,0,0,,0,0,2026,
64,장준원,KT,7,0,0,0,,1,0,2026,
64,장진혁,KT,5,1,0,1,0.0,0,0,2026,0.0
