순위,선수명,팀명,AVG,G,PA,AB,R,H,2B,3B,HR,TB,RBI,SAC,SF,연도,HR/AB,규정타석_충족,시즌진행중
1,이정후,키움,0.349,142,627,553,85,193,36,10,23,318,113,0,3,2022,0.0416,True,
2,피렐라,삼성,0.342,141,630,561,102,192,33,4,28,317,109,0,2,2022,0.0499,True,
3,박건우,NC,0.336,111,463,408,52,137,18,1,10,187,61,0,3,2022,0.0245,True,
4,이대호,롯데,0.331,142,591,540,53,179,23,0,23,271,101,0,6,2022,0.0426,True,
5,나성범,KIA,0.32,144,649,563,92,180,39,2,21,286,97,0,5,2022,0.0373,True,
6,김혜성,키움,0.318,129,566,516,81,164,18,7,4,208,48,0,3,2022,0.0078,True,
7,문보경,LG,0.315,126,466,406,52,128,22,3,9,183,56,5,7,2022,0.0222,True,
8,소크라테스,KIA,0.311,127,554,514,83,160,29,7,17,254,77,0,4,2022,0.0331,True,
9,페르난데스,두산,0.309,139,550,508,52,157,28,0,6,203,77,0,5,2022,0.0118,True,
10,조용호,KT,0.308,131,531,474,52,146,18,4,3,181,44,2,3,2022,0.0063,True,
11,한동희,롯데,0.307,129,499,456,43,140,27,0,14,209,65,0,4,2022,0.0307,True,
12,전준우,롯데,0.304,120,517,470,73,143,31,1,11,209,68,0,9,2022,0.0234,True,
13,최지훈,SSG,0.304,144,640,569,93,173,32,4,10,243,61,13,4,2022,0.0176,True,
14,박성한,SSG,0.298,140,564,494,68,147,24,4,2,185,56,6,2,2022,0.004,True,
15,마티니,NC,0.296,139,576,510,67,151,34,1,16,235,85,0,7,2022,0.0314,True,
16,채은성,LG,0.296,126,526,467,48,138,26,2,12,204,83,0,11,2022,0.0257,True,
17,박해민,LG,0.289,144,636,570,97,165,20,8,3,210,49,7,6,2022,0.0053,True,
18,허경민,두산,0.289,121,493,432,59,125,23,0,8,172,60,2,7,2022,0.0185,True,
19,터크먼,한화,0.289,144,648,575,88,166,37,4,12,247,43,0,2,2022,0.0209,True,
20,김선빈,KIA,0.287,140,587,505,51,145,23,0,3,177,61,7,3,2022,0.0059,True,
21,김현수,LG,0.286,141,604,524,78,150,25,2,23,248,106,0,3,2022,0.0439,True,
22,홍창기,LG,0.286,118,525,437,76,125,19,4,1,155,51,5,5,2022,0.0023,True,
23,안치홍,롯데,0.284,132,562,493,71,140,27,3,14,215,58,8,5,2022,0.0284,True,
24,양의지,NC,0.283,130,510,427,61,121,24,0,20,205,94,0,10,2022,0.0468,True,
25,노시환,한화,0.281,115,490,434,55,122,24,1,6,166,59,0,4,2022,0.0138,True,
26,노진혁,NC,0.28,115,451,396,50,111,24,0,15,180,75,3,5,2022,0.0379,True,
27,손아섭,NC,0.277,138,617,548,72,152,29,4,4,201,48,1,6,2022,0.0073,True,
28,푸이그,키움,0.277,126,547,473,65,131,30,0,21,224,73,0,4,2022,0.0444,True,
29,박병호,KT,0.275,124,487,429,72,118,17,0,35,240,98,0,6,2022,0.0816,True,
30,류지혁,KIA,0.274,127,477,405,55,111,19,2,2,140,48,8,2,2022,0.0049,True,
31,정은원,한화,0.274,140,601,508,67,139,20,2,8,187,49,4,3,2022,0.0157,True,
32,박찬호,KIA,0.272,130,566,493,81,134,22,0,4,168,45,8,7,2022,0.0081,True,
33,오지환,LG,0.269,142,569,494,75,133,16,4,25,232,87,3,3,2022,0.0506,True,
34,오재일,삼성,0.268,135,536,470,57,126,42,0,21,231,94,0,7,2022,0.0447,True,
35,이지영,키움,0.267,137,450,420,38,112,13,4,2,139,37,8,0,2022,0.0048,True,
35,박민우,NC,0.267,104,451,390,61,104,22,1,4,140,38,6,3,2022,0.0103,True,
37,배정대,KT,0.266,144,575,508,64,135,24,2,6,181,56,5,4,2022,0.0118,True,
38,최정,SSG,0.266,121,505,414,80,110,21,0,26,209,87,0,6,2022,0.0628,True,
39,최형우,KIA,0.264,132,530,454,55,120,27,1,14,191,71,0,2,2022,0.0308,True,
40,한유섬,SSG,0.264,135,545,458,62,121,33,1,21,219,100,0,5,2022,0.0459,True,
41,강승호,두산,0.264,134,487,444,54,117,28,1,10,177,62,6,5,2022,0.0225,True,
42,황재균,KT,0.262,141,581,519,59,136,25,3,10,197,64,2,2,2022,0.0193,True,
43,정수빈,두산,0.259,127,455,405,58,105,12,4,3,134,41,6,4,2022,0.0074,True,
44,추신수,SSG,0.259,112,499,409,77,106,20,1,16,176,58,2,4,2022,0.0391,True,
45,하주석,한화,0.258,125,483,445,50,115,18,2,5,152,58,1,3,2022,0.0112,True,
46,황대인,KIA,0.256,129,524,476,40,122,27,0,14,191,91,0,5,2022,0.0294,True,
47,유강남,LG,0.255,139,469,416,54,106,16,0,8,146,47,6,2,2022,0.0192,True,
48,김재환,두산,0.248,128,517,448,64,111,24,1,23,206,72,0,4,2022,0.0513,True,
49,송성문,키움,0.247,142,601,547,67,135,21,4,13,203,79,1,7,2022,0.0238,True,
50,양석환,두산,0.244,107,446,405,58,99,14,1,20,175,51,0,2,2022,0.0494,False,
51,박동원,KIA,0.242,123,447,385,52,93,21,0,18,168,57,7,1,2022,0.0468,False,
52,김태연,한화,0.24,119,464,404,46,97,18,0,7,136,53,3,4,2022,0.0173,True,
53,심우준,KT,0.24,132,449,388,69,93,8,2,4,117,34,11,4,2022,0.0103,False,
1,에레디아,SSG,0.36,136,591,541,82,195,31,1,21,291,118,0,9,2023,0.0388,True,
2,레이예스,롯데,0.352,144,632,574,88,202,40,3,15,293,111,0,11,2023,0.0261,True,
3,김도영,KIA,0.347,141,625,544,143,189,29,10,38,352,109,1,7,2023,0.0699,True,
4,구자욱,삼성,0.343,129,568,493,92,169,39,1,33,309,115,2,6,2023,0.0669,True,
5,송성문,키움,0.34,142,602,527,88,179,29,4,19,273,104,0,8,2023,0.0361,True,
6,홍창기,LG,0.336,139,637,524,96,176,18,3,5,215,73,1,4,2023,0.0095,True,
7,로하스,KT,0.329,144,670,572,108,188,39,1,32,325,112,0,4,2023,0.0559,True,
8,김선빈,KIA,0.329,116,466,423,48,139,23,0,9,189,57,7,0,2023,0.0213,True,
9,박민우,NC,0.328,121,528,457,75,150,26,2,8,204,50,4,4,2023,0.0175,True,
10,김혜성,키움,0.326,127,567,509,90,166,26,4,11,233,75,0,7,2023,0.0216,True,
11,오스틴,LG,0.319,140,604,527,99,168,32,3,32,302,132,0,13,2023,0.0607,True,
12,김지찬,삼성,0.316,135,535,453,102,143,16,3,3,174,36,12,1,2023,0.0066,True,
13,양의지,두산,0.314,119,485,430,57,135,18,1,17,206,94,0,6,2023,0.0395,True,
14,나승엽,롯데,0.312,121,489,407,59,127,35,4,7,191,66,2,7,2023,0.0172,True,
15,소크라테스,KIA,0.31,140,602,552,92,171,30,3,26,285,97,0,5,2023,0.0471,True,
16,허경민,두산,0.309,115,477,417,69,129,28,0,7,178,61,0,6,2023,0.0168,True,
17,고승민,롯데,0.308,120,532,481,79,148,27,6,14,229,87,1,8,2023,0.0291,True,
18,박찬호,KIA,0.307,134,577,515,86,158,24,1,5,199,61,7,6,2023,0.0097,True,
19,데이비슨,NC,0.306,131,567,504,90,154,25,1,46,319,119,0,7,2023,0.0913,True,
20,강민호,삼성,0.303,136,452,403,48,122,19,1,19,200,77,0,6,2023,0.0471,True,
21,박성한,SSG,0.301,137,564,489,78,147,24,0,10,201,67,3,6,2023,0.0204,True,
22,문보경,LG,0.301,144,602,519,80,156,35,3,22,263,101,3,13,2023,0.0424,True,
23,권희동,NC,0.3,123,511,416,66,125,22,1,13,188,77,2,6,2023,0.0312,True,
24,안치홍,한화,0.3,128,533,473,64,142,21,0,13,202,66,1,4,2023,0.0275,True,
25,신민재,LG,0.297,128,474,387,78,115,11,6,0,138,40,15,3,2023,0.0,True,
26,김현수,LG,0.294,137,583,517,61,152,36,2,8,216,69,1,9,2023,0.0155,True,
27,윤동희,롯데,0.293,141,613,532,97,156,35,4,14,241,85,2,5,2023,0.0263,True,
28,전준우,롯데,0.293,109,483,423,57,124,26,2,17,205,82,1,5,2023,0.0402,True,
29,최원준,KIA,0.292,136,508,438,75,128,23,3,9,184,56,7,5,2023,0.0205,True,
30,최정,SSG,0.291,129,550,468,93,136,27,2,37,278,107,0,7,2023,0.0791,True,
31,김태연,한화,0.291,126,472,413,59,120,24,0,12,180,61,6,4,2023,0.0291,True,
32,강백호,KT,0.289,144,614,550,92,159,27,0,26,264,96,0,2,2023,0.0473,True,
33,이우성,KIA,0.288,112,449,399,56,115,16,1,9,160,54,0,3,2023,0.0226,False,
34,서호철,NC,0.285,141,567,512,68,146,19,3,10,201,61,6,3,2023,0.0195,True,
35,정수빈,두산,0.284,136,608,510,95,145,21,3,4,184,47,10,8,2023,0.0078,True,
36,김재환,두산,0.283,136,552,474,78,134,28,0,29,249,92,0,9,2023,0.0612,True,
37,강승호,두산,0.28,140,566,521,81,146,34,7,18,248,81,2,4,2023,0.0345,True,
38,최형우,KIA,0.28,116,487,425,67,119,23,2,22,212,109,0,5,2023,0.0518,True,
39,최지훈,SSG,0.275,125,543,483,89,133,22,7,11,202,49,6,2,2023,0.0228,True,
40,배정대,KT,0.275,113,473,404,49,111,25,1,7,159,59,8,7,2023,0.0173,True,
41,페라자,한화,0.275,122,522,455,75,125,24,0,24,221,70,0,2,2023,0.0527,True,
42,박동원,LG,0.272,130,498,434,58,118,22,0,20,200,80,2,7,2023,0.0461,True,
43,노시환,한화,0.272,136,601,526,88,143,20,2,24,239,89,0,4,2023,0.0456,True,
44,채은성,한화,0.271,124,498,436,61,118,24,0,20,202,83,0,5,2023,0.0459,True,
45,장성우,KT,0.268,131,489,418,53,112,19,0,19,188,81,2,8,2023,0.0455,True,
46,이주형,키움,0.266,115,537,473,82,126,19,3,13,190,60,0,1,2023,0.0275,True,
47,박해민,LG,0.263,144,553,482,72,127,16,6,6,173,56,5,9,2023,0.0124,True,
48,박승욱,롯데,0.262,139,468,405,57,106,19,1,7,148,53,3,3,2023,0.0173,True,
49,이재현,삼성,0.26,109,458,389,71,101,18,1,14,163,66,0,3,2023,0.036,True,
50,황재균,KT,0.26,137,536,493,60,128,22,0,13,189,58,5,2,2023,0.0264,True,
51,김휘집,NC,0.258,140,562,488,78,126,24,1,16,200,73,4,8,2023,0.0328,True,
52,최주환,키움,0.257,130,544,482,49,124,23,1,13,188,84,0,9,2023,0.027,True,
53,김영웅,삼성,0.252,126,509,456,65,115,16,3,28,221,79,1,4,2023,0.0614,True,
54,김주원,NC,0.252,134,475,385,61,97,18,2,9,146,49,9,5,2023,0.0234,True,
55,양석환,두산,0.246,142,593,533,83,131,25,1,34,260,107,1,3,2023,0.0638,True,
56,한유섬,SSG,0.235,132,523,464,64,109,29,0,24,210,87,1,3,2023,0.0517,True,
1,에레디아,SSG,0.36,136,591,541,82,195,31,1,21,291,118,0,9,2024,0.0388,True,
2,레이예스,롯데,0.352,144,632,574,88,202,40,3,15,293,111,0,11,2024,0.0261,True,
3,김도영,KIA,0.347,141,625,544,143,189,29,10,38,352,109,1,7,2024,0.0699,True,
4,구자욱,삼성,0.343,129,568,493,92,169,39,1,33,309,115,2,6,2024,0.0669,True,
5,송성문,키움,0.34,142,602,527,88,179,29,4,19,273,104,0,8,2024,0.0361,True,
6,홍창기,LG,0.336,139,637,524,96,176,18,3,5,215,73,1,4,2024,0.0095,True,
7,로하스,KT,0.329,144,670,572,108,188,39,1,32,325,112,0,4,2024,0.0559,True,
8,김선빈,KIA,0.329,116,466,423,48,139,23,0,9,189,57,7,0,2024,0.0213,True,
9,박민우,NC,0.328,121,528,457,75,150,26,2,8,204,50,4,4,2024,0.0175,True,
10,김혜성,키움,0.326,127,567,509,90,166,26,4,11,233,75,0,7,2024,0.0216,True,
11,오스틴,LG,0.319,140,604,527,99,168,32,3,32,302,132,0,13,2024,0.0607,True,
12,김지찬,삼성,0.316,135,535,453,102,143,16,3,3,174,36,12,1,2024,0.0066,True,
13,양의지,두산,0.314,119,485,430,57,135,18,1,17,206,94,0,6,2024,0.0395,True,
14,나승엽,롯데,0.312,121,489,407,59,127,35,4,7,191,66,2,7,2024,0.0172,True,
15,소크라테스,KIA,0.31,140,602,552,92,171,30,3,26,285,97,0,5,2024,0.0471,True,
16,허경민,두산,0.309,115,477,417,69,129,28,0,7,178,61,0,6,2024,0.0168,True,
17,고승민,롯데,0.308,120,532,481,79,148,27,6,14,229,87,1,8,2024,0.0291,True,
18,박찬호,KIA,0.307,134,577,515,86,158,24,1,5,199,61,7,6,2024,0.0097,True,
19,데이비슨,NC,0.306,131,567,504,90,154,25,1,46,319,119,0,7,2024,0.0913,True,
20,강민호,삼성,0.303,136,452,403,48,122,19,1,19,200,77,0,6,2024,0.0471,True,
21,박성한,SSG,0.301,137,564,489,78,147,24,0,10,201,67,3,6,2024,0.0204,True,
22,문보경,LG,0.301,144,602,519,80,156,35,3,22,263,101,3,13,2024,0.0424,True,
23,권희동,NC,0.3,123,511,416,66,125,22,1,13,188,77,2,6,2024,0.0312,True,
24,안치홍,한화,0.3,128,533,473,64,142,21,0,13,202,66,1,4,2024,0.0275,True,
25,신민재,LG,0.297,128,474,387,78,115,11,6,0,138,40,15,3,2024,0.0,True,
26,김현수,LG,0.294,137,583,517,61,152,36,2,8,216,69,1,9,2024,0.0155,True,
27,윤동희,롯데,0.293,141,613,532,97,156,35,4,14,241,85,2,5,2024,0.0263,True,
28,전준우,롯데,0.293,109,483,423,57,124,26,2,17,205,82,1,5,2024,0.0402,True,
29,최원준,KIA,0.292,136,508,438,75,128,23,3,9,184,56,7,5,2024,0.0205,True,
30,최정,SSG,0.291,129,550,468,93,136,27,2,37,278,107,0,7,2024,0.0791,True,
31,김태연,한화,0.291,126,472,413,59,120,24,0,12,180,61,6,4,2024,0.0291,True,
32,강백호,KT,0.289,144,614,550,92,159,27,0,26,264,96,0,2,2024,0.0473,True,
33,이우성,KIA,0.288,112,449,399,56,115,16,1,9,160,54,0,3,2024,0.0226,False,
34,서호철,NC,0.285,141,567,512,68,146,19,3,10,201,61,6,3,2024,0.0195,True,
35,정수빈,두산,0.284,136,608,510,95,145,21,3,4,184,47,10,8,2024,0.0078,True,
36,김재환,두산,0.283,136,552,474,78,134,28,0,29,249,92,0,9,2024,0.0612,True,
37,강승호,두산,0.28,140,566,521,81,146,34,7,18,248,81,2,4,2024,0.0345,True,
38,최형우,KIA,0.28,116,487,425,67,119,23,2,22,212,109,0,5,2024,0.0518,True,
39,최지훈,SSG,0.275,125,543,483,89,133,22,7,11,202,49,6,2,2024,0.0228,True,
40,배정대,KT,0.275,113,473,404,49,111,25,1,7,159,59,8,7,2024,0.0173,True,
41,페라자,한화,0.275,122,522,455,75,125,24,0,24,221,70,0,2,2024,0.0527,True,
42,박동원,LG,0.272,130,498,434,58,118,22,0,20,200,80,2,7,2024,0.0461,True,
43,노시환,한화,0.272,136,601,526,88,143,20,2,24,239,89,0,4,2024,0.0456,True,
44,채은성,한화,0.271,124,498,436,61,118,24,0,20,202,83,0,5,2024,0.0459,True,
45,장성우,KT,0.268,131,489,418,53,112,19,0,19,188,81,2,8,2024,0.0455,True,
46,이주형,키움,0.266,115,537,473,82,126,19,3,13,190,60,0,1,2024,0.0275,True,
47,박해민,LG,0.263,144,553,482,72,127,16,6,6,173,56,5,9,2024,0.0124,True,
48,박승욱,롯데,0.262,139,468,405,57,106,19,1,7,148,53,3,3,2024,0.0173,True,
49,이재현,삼성,0.26,109,458,389,71,101,18,1,14,163,66,0,3,2024,0.036,True,
50,황재균,KT,0.26,137,536,493,60,128,22,0,13,189,58,5,2,2024,0.0264,True,
51,김휘집,NC,0.258,140,562,488,78,126,24,1,16,200,73,4,8,2024,0.0328,True,
52,최주환,키움,0.257,130,544,482,49,124,23,1,13,188,84,0,9,2024,0.027,True,
53,김영웅,삼성,0.252,126,509,456,65,115,16,3,28,221,79,1,4,2024,0.0614,True,
54,김주원,NC,0.252,134,475,385,61,97,18,2,9,146,49,9,5,2024,0.0234,True,
55,양석환,두산,0.246,142,593,533,83,131,25,1,34,260,107,1,3,2024,0.0638,True,
56,한유섬,SSG,0.235,132,523,464,64,109,29,0,24,210,87,1,3,2024,0.0517,True,
1,양의지,두산,0.337,130,517,454,56,153,27,1,20,242,89,0,6,2025,0.0441,True,
2,안현민,KT,0.334,112,482,395,72,132,19,4,22,225,80,0,3,2025,0.0557,True,
3,김성윤,삼성,0.331,127,538,456,92,151,29,9,6,216,61,10,2,2025,0.0132,True,
4,레이예스,롯데,0.326,144,643,573,75,187,44,1,13,272,107,0,9,2025,0.0227,True,
5,문현빈,한화,0.32,141,592,528,71,169,30,2,12,239,80,5,11,2025,0.0227,True,
6,구자욱,삼성,0.319,142,616,529,106,169,43,2,19,273,96,1,8,2025,0.0359,True,
7,송성문,키움,0.315,144,646,574,103,181,37,4,26,304,90,0,3,2025,0.0453,True,
8,디아즈,삼성,0.314,144,628,551,93,173,32,0,50,355,158,0,11,2025,0.0907,True,
9,신민재,LG,0.313,135,538,463,87,145,15,7,1,177,61,6,4,2025,0.0022,True,
10,오스틴,LG,0.313,116,499,425,82,133,25,1,31,253,95,0,11,2025,0.0729,True,
11,최형우,KIA,0.307,133,549,469,74,144,30,1,24,248,86,0,5,2025,0.0512,True,
12,문성주,LG,0.305,135,542,475,57,145,20,2,3,178,70,0,9,2025,0.0063,True,
13,박민우,NC,0.302,117,468,404,64,122,25,8,3,172,67,4,4,2025,0.0074,True,
14,케이브,두산,0.299,136,593,538,72,161,28,6,16,249,87,0,8,2025,0.0297,True,
15,김현수,LG,0.298,140,552,483,66,144,24,0,12,204,90,0,1,2025,0.0248,True,
16,전준우,롯데,0.293,114,472,410,50,120,26,1,8,172,70,3,6,2025,0.0195,True,
17,김주원,NC,0.289,144,624,539,98,156,26,8,15,243,65,4,2,2025,0.0278,True,
18,채은성,한화,0.288,132,527,480,54,138,27,1,19,224,88,3,0,2025,0.0396,True,
19,박찬호,KIA,0.287,134,595,516,75,148,18,2,5,185,42,8,6,2025,0.0097,True,
20,최지훈,SSG,0.284,140,574,517,66,147,16,4,7,192,45,4,5,2025,0.0135,True,
21,허경민,KT,0.283,114,481,420,47,119,18,0,4,149,44,3,4,2025,0.0095,True,
22,류지혁,삼성,0.28,129,464,400,54,112,14,0,1,129,37,14,4,2025,0.0025,True,
23,고명준,SSG,0.278,130,500,471,46,131,20,1,17,204,64,0,7,2025,0.0361,True,
24,박해민,LG,0.276,144,544,442,80,122,18,2,3,153,43,22,4,2025,0.0068,True,
25,문보경,LG,0.276,141,607,515,91,142,21,1,24,237,108,0,9,2025,0.0466,True,
26,최주환,키움,0.275,120,506,459,45,126,31,1,12,195,74,0,6,2025,0.0261,True,
27,박성한,SSG,0.274,127,538,452,73,124,23,2,7,172,48,2,2,2025,0.0155,True,
28,한유섬,SSG,0.273,128,511,455,50,124,24,0,15,193,71,1,2,2025,0.033,True,
29,고승민,롯데,0.271,121,538,469,71,127,21,2,4,164,45,6,4,2025,0.0085,True,
30,강민호,삼성,0.269,127,465,412,37,111,23,1,12,172,71,1,7,2025,0.0291,True,
31,오선우,KIA,0.265,124,474,437,58,116,17,1,18,189,56,0,0,2025,0.0412,True,
32,노시환,한화,0.26,144,624,539,97,140,28,2,32,268,101,0,4,2025,0.0594,True,
33,정수빈,두산,0.258,132,546,462,89,119,16,4,6,161,38,8,4,2025,0.013,True,
34,이재현,삼성,0.254,139,555,457,82,116,29,1,16,195,67,10,8,2025,0.035,True,
35,오지환,LG,0.253,127,472,419,57,106,24,1,16,180,62,7,6,2025,0.0382,True,
36,박동원,LG,0.253,139,523,451,57,114,25,0,22,205,76,3,5,2025,0.0488,True,
37,김휘집,NC,0.249,142,500,429,64,107,18,2,17,180,56,2,2,2025,0.0396,True,
38,김영웅,삼성,0.249,125,499,446,66,111,22,2,22,203,72,0,3,2025,0.0493,True,
39,장성우,KT,0.247,129,480,413,44,102,13,0,14,157,58,2,8,2025,0.0339,True,
40,권희동,NC,0.246,136,456,358,56,88,24,0,6,130,39,8,2,2025,0.0168,True,
41,최원준,NC,0.242,126,449,413,62,100,13,3,6,137,44,2,5,2025,0.0145,False,
42,이주형,키움,0.24,127,514,446,55,107,22,1,11,164,45,3,0,2025,0.0247,True,
43,위즈덤,KIA,0.236,119,486,424,73,100,20,1,35,227,85,0,6,2025,0.0825,True,
1,박성한,SSG,0.494,21,99,79,17,39,9,1,1,53,20,0,1,2026,0.0127,True,True
2,류지혁,삼성,0.421,21,91,76,18,32,7,1,2,47,14,0,0,2026,0.0263,True,True
3,박준순,두산,0.397,20,82,78,8,31,4,2,3,48,14,0,0,2026,0.0385,True,True
4,천성호,LG,0.368,20,66,57,12,21,4,0,1,28,8,1,0,2026,0.0175,False,True
5,페라자,한화,0.366,21,100,82,21,30,8,0,2,44,13,0,2,2026,0.0244,True,True
5,레이예스,롯데,0.366,21,93,82,9,30,3,0,5,48,13,0,1,2026,0.061,True,True
7,고명준,SSG,0.365,17,68,63,9,23,5,0,4,40,12,0,0,2026,0.0635,True,True
8,문현빈,한화,0.364,20,94,77,18,28,7,2,5,54,22,0,0,2026,0.0649,True,True
9,문성주,LG,0.356,21,86,73,6,26,5,0,0,31,10,2,2,2026,0.0,True,True
10,박민우,NC,0.338,20,87,74,15,25,7,0,1,35,14,0,0,2026,0.0135,True,True
11,오스틴,LG,0.333,21,97,84,19,28,4,1,6,52,16,0,1,2026,0.0714,True,True
12,김선빈,KIA,0.329,21,88,70,11,23,4,0,1,30,13,0,1,2026,0.0143,True,True
13,이우성,NC,0.322,19,67,59,9,19,6,0,3,34,3,0,0,2026,0.0508,False,True
14,김호령,KIA,0.318,22,101,88,14,28,8,0,1,39,10,3,0,2026,0.0114,True,True
15,김현수,KT,0.316,22,103,95,14,30,8,0,3,47,20,0,0,2026,0.0316,True,True
16,최원준,KT,0.311,21,104,90,16,28,8,1,0,38,11,0,1,2026,0.0,True,True
17,노진혁,롯데,0.3,21,81,70,5,21,8,0,3,38,11,0,1,2026,0.0429,True,True
17,데일,KIA,0.3,21,90,80,14,24,4,0,1,31,6,1,1,2026,0.0125,True,True
19,박찬호,두산,0.296,22,99,81,21,24,6,0,1,33,6,3,0,2026,0.0123,True,True
20,한태양,롯데,0.295,20,70,61,7,18,3,0,0,21,1,1,0,2026,0.0,True,True
21,강백호,한화,0.292,21,97,89,13,26,5,0,4,43,24,0,1,2026,0.0449,True,True
22,디아즈,삼성,0.289,21,96,83,15,24,4,0,3,37,15,0,1,2026,0.0361,True,True
23,최형우,삼성,0.286,21,98,77,13,22,3,0,4,37,16,0,1,2026,0.0519,True,True
24,박건우,NC,0.278,21,82,72,9,20,5,0,4,37,12,0,0,2026,0.0556,True,True
25,문보경,LG,0.277,20,87,65,9,18,3,0,2,27,11,0,2,2026,0.0308,True,True
26,한동희,롯데,0.273,17,71,66,5,18,4,0,0,22,4,0,0,2026,0.0,True,True
27,한준수,KIA,0.269,21,71,52,9,14,4,0,2,24,8,3,1,2026,0.0385,True,True
28,이주형,키움,0.268,20,90,82,12,22,8,1,2,38,12,0,0,2026,0.0244,True,True
29,최정,SSG,0.267,21,93,75,13,20,7,1,3,38,9,0,1,2026,0.04,True,True
30,김상수,KT,0.266,20,79,64,6,17,3,0,0,20,6,2,1,2026,0.0,True,True
31,카스트로,KIA,0.265,21,88,83,15,22,9,0,2,37,16,0,1,2026,0.0241,True,True
32,에레디아,SSG,0.264,21,93,91,10,24,3,0,5,42,17,0,1,2026,0.0549,True,True
33,박해민,LG,0.263,21,88,76,7,20,4,0,0,24,6,2,1,2026,0.0,True,True
34,하주석,한화,0.262,19,66,61,3,16,1,0,0,17,6,1,0,2026,0.0,False,True
35,오지환,LG,0.262,20,78,65,9,17,3,0,1,23,13,0,1,2026,0.0154,True,True
36,브룩스,키움,0.259,21,95,81,9,21,6,0,0,27,9,0,1,2026,0.0,True,True
37,김형준,NC,0.259,20,69,58,4,15,2,0,1,20,10,0,0,2026,0.0172,True,True
38,심우준,한화,0.254,18,68,59,15,15,4,0,2,25,10,0,0,2026,0.0339,True,True
39,카메론,두산,0.253,22,90,87,10,22,8,1,5,47,8,0,0,2026,0.0575,True,True
40,채은성,한화,0.25,21,91,80,9,20,1,0,2,27,10,0,2,2026,0.025,True,True
40,김지찬,삼성,0.25,21,95,76,17,19,3,1,0,24,6,0,1,2026,0.0,True,True
40,최정원,NC,0.25,19,68,52,7,13,0,0,0,13,1,5,0,2026,0.0,True,True
40,이강민,KT,0.25,22,77,72,7,18,1,0,0,19,11,1,1,2026,0.0,True,True
40,나성범,KIA,0.25,20,86,72,11,18,2,0,3,29,15,0,1,2026,0.0417,True,True
40,김건희,키움,0.25,21,75,64,6,16,4,0,1,23,9,0,3,2026,0.0156,True,True
46,안치홍,키움,0.247,21,91,77,5,19,5,0,0,24,4,0,0,2026,0.0,True,True
47,장성우,KT,0.247,22,90,73,16,18,5,0,6,41,19,0,1,2026,0.0822,True,True
48,김도영,KIA,0.241,22,98,83,17,20,4,0,6,42,19,0,1,2026,0.0723,True,True
49,박동원,LG,0.237,20,74,59,11,14,4,0,1,21,11,0,2,2026,0.0169,True,True
50,강민호,삼성,0.236,20,65,55,4,13,3,0,0,16,8,0,0,2026,0.0,False,True
51,양석환,두산,0.234,19,73,64,5,15,3,0,1,21,4,0,2,2026,0.0156,True,True
52,힐리어드,KT,0.233,22,101,86,16,20,3,1,3,34,12,0,3,2026,0.0349,True,True
53,김주원,NC,0.229,21,97,83,9,19,3,0,2,28,3,0,0,2026,0.0241,True,True
54,양의지,두산,0.227,22,94,75,8,17,4,0,2,27,11,0,4,2026,0.0267,True,True
55,정수빈,두산,0.216,22,87,74,7,16,0,0,2,22,10,1,0,2026,0.027,True,True
56,최주환,키움,0.212,20,71,66,3,14,2,0,1,19,9,0,1,2026,0.0152,True,True
57,데이비슨,NC,0.208,20,81,72,8,15,3,0,3,27,10,0,1,2026,0.0417,True,True
58,전준우,롯데,0.205,21,86,78,5,16,2,0,1,21,3,0,1,2026,0.0128,True,True
59,최지훈,SSG,0.197,21,87,76,15,15,4,0,4,31,14,1,1,2026,0.0526,True,True
60,신민재,LG,0.191,21,78,68,3,13,0,0,0,13,5,2,0,2026,0.0,True,True
61,윤동희,롯데,0.19,17,67,63,3,12,3,0,3,24,7,0,0,2026,0.0476,False,True
62,노시환,한화,0.169,14,67,59,7,10,1,0,1,14,4,1,0,2026,0.0169,False,True
63,홍창기,LG,0.148,17,72,54,6,8,2,0,0,10,3,0,0,2026,0.0,True,True
64,김재환,SSG,0.11,21,91,73,7,8,1,0,2,15,9,0,1,2026,0.0274,True,True
