순위,선수명,팀명,AVG,XBH,GO,AO,GO/AO,GW RBI,BB/K,P/PA,ISOP,XR,GPA,연도
1,이정후,키움,0.349,69,154,177,0.87,15,2.06,3.69,0.226,120.2,0.333,2022
2,피렐라,삼성,0.342,65,149,141,1.06,12,0.68,3.45,0.223,114.4,0.326,2022
3,박건우,NC,0.336,29,100,112,0.89,7,0.71,3.87,0.123,72.1,0.298,2022
4,이대호,롯데,0.331,46,150,161,0.93,9,0.77,3.58,0.17,90.5,0.296,2022
5,나성범,KIA,0.32,62,117,134,0.87,9,0.47,3.75,0.188,110.9,0.308,2022
6,김혜성,키움,0.318,29,165,107,1.54,5,0.57,3.87,0.085,78.5,0.269,2022
7,문보경,LG,0.315,34,124,105,1.18,7,0.84,3.73,0.135,69.7,0.285,2022
8,소크라테스,KIA,0.311,53,125,152,0.82,8,0.42,3.65,0.183,82.8,0.283,2022
9,페르난데스,두산,0.309,34,194,117,1.66,4,0.78,3.78,0.091,60.2,0.259,2022
10,조용호,KT,0.308,25,134,123,1.09,9,0.66,3.97,0.074,68.9,0.264,2022
11,한동희,롯데,0.307,41,154,102,1.51,4,0.52,3.52,0.151,69.2,0.276,2022
12,전준우,롯데,0.304,43,146,117,1.25,7,0.48,3.57,0.14,70.3,0.269,2022
13,최지훈,SSG,0.304,46,151,172,0.88,9,0.61,3.63,0.123,90.0,0.27,2022
14,박성한,SSG,0.298,30,156,112,1.39,7,0.74,3.99,0.077,70.7,0.262,2022
15,마티니,NC,0.296,51,123,157,0.78,6,0.59,3.81,0.165,85.7,0.28,2022
16,채은성,LG,0.296,40,115,137,0.84,11,0.31,3.71,0.141,69.8,0.269,2022
17,박해민,LG,0.289,31,158,168,0.94,9,0.52,4.01,0.079,78.4,0.248,2022
18,허경민,두산,0.289,31,141,133,1.06,8,0.9,3.83,0.109,63.6,0.262,2022
19,터크먼,한화,0.289,53,150,157,0.96,2,0.62,4.0,0.141,86.8,0.272,2022
20,김선빈,KIA,0.287,26,182,134,1.36,6,1.38,3.96,0.063,69.7,0.255,2022
21,김현수,LG,0.286,50,145,170,0.85,17,1.15,3.76,0.187,93.6,0.287,2022
22,홍창기,LG,0.286,24,154,88,1.75,8,0.79,4.1,0.069,66.7,0.264,2022
23,안치홍,롯데,0.284,44,152,154,0.99,7,0.98,3.85,0.152,75.2,0.268,2022
24,양의지,NC,0.283,44,105,163,0.64,12,1.25,3.63,0.197,78.9,0.291,2022
25,노시환,한화,0.281,31,119,102,1.17,5,0.51,3.91,0.101,58.3,0.255,2022
26,노진혁,NC,0.28,39,88,97,0.91,8,0.43,3.93,0.174,62.4,0.273,2022
27,손아섭,NC,0.277,37,198,128,1.55,4,0.78,3.9,0.089,72.2,0.248,2022
28,푸이그,키움,0.277,51,88,158,0.56,8,0.58,3.83,0.197,83.4,0.284,2022
29,박병호,KT,0.275,52,75,111,0.68,11,0.31,3.93,0.284,83.6,0.297,2022
30,류지혁,KIA,0.274,23,130,83,1.57,8,0.67,3.93,0.072,55.6,0.253,2022
31,정은원,한화,0.274,30,138,125,1.1,4,0.78,4.33,0.094,75.1,0.262,2022
32,박찬호,KIA,0.272,26,160,139,1.15,8,0.85,4.0,0.069,67.1,0.24,2022
33,오지환,LG,0.269,45,135,122,1.11,11,0.58,4.07,0.2,84.1,0.278,2022
34,오재일,삼성,0.268,63,88,130,0.68,5,0.43,4.01,0.223,79.3,0.278,2022
35,이지영,키움,0.267,19,158,106,1.49,6,0.45,3.37,0.064,36.4,0.219,2022
35,박민우,NC,0.267,27,123,111,1.11,4,0.76,3.92,0.092,53.5,0.248,2022
37,배정대,KT,0.266,32,117,134,0.87,9,0.43,4.12,0.091,67.7,0.242,2022
38,최정,SSG,0.266,47,72,142,0.51,9,0.69,3.92,0.239,85.1,0.3,2022
39,최형우,KIA,0.264,42,114,130,0.88,6,0.79,4.22,0.156,71.1,0.27,2022
40,한유섬,SSG,0.264,55,114,91,1.25,15,0.48,4.02,0.214,82.7,0.287,2022
41,강승호,두산,0.264,39,98,134,0.73,11,0.29,3.45,0.135,55.1,0.239,2022
42,황재균,KT,0.262,38,132,154,0.86,4,0.54,3.82,0.118,63.2,0.246,2022
43,정수빈,두산,0.259,19,153,95,1.61,3,0.7,3.81,0.072,47.3,0.228,2022
44,추신수,SSG,0.259,37,101,106,0.95,5,0.71,4.09,0.171,73.8,0.279,2022
45,하주석,한화,0.258,25,134,73,1.84,9,0.25,3.83,0.083,49.4,0.225,2022
46,황대인,KIA,0.256,41,121,146,0.83,8,0.39,3.53,0.145,56.4,0.242,2022
47,유강남,LG,0.255,24,102,112,0.91,4,0.35,3.93,0.096,48.2,0.234,2022
48,김재환,두산,0.248,48,98,110,0.89,4,0.46,3.93,0.212,73.0,0.268,2022
49,송성문,키움,0.247,38,156,198,0.79,11,0.69,3.57,0.124,63.4,0.229,2022
50,양석환,두산,0.244,35,67,140,0.48,5,0.32,3.85,0.188,56.4,0.247,2022
51,박동원,KIA,0.242,39,104,94,1.11,6,0.47,4.1,0.195,56.5,0.259,2022
52,김태연,한화,0.24,25,102,103,0.99,3,0.45,4.11,0.097,46.7,0.231,2022
53,심우준,KT,0.24,14,104,120,0.87,4,0.57,4.31,0.062,42.6,0.218,2022
1,에레디아,SSG,0.36,53,128,154,0.83,13,0.38,3.46,0.177,105.2,0.314,2023
2,레이예스,롯데,0.352,58,168,133,1.26,13,0.56,3.87,0.159,106.2,0.305,2023
3,김도영,KIA,0.347,77,101,151,0.67,15,0.6,3.81,0.3,138.2,0.351,2023
4,구자욱,삼성,0.343,73,128,129,0.99,12,0.75,3.8,0.284,118.5,0.344,2023
5,송성문,키움,0.34,52,136,138,0.99,11,0.78,3.88,0.178,111.4,0.314,2023
6,홍창기,LG,0.336,26,159,100,1.59,6,1.03,4.14,0.074,99.5,0.304,2023
7,로하스,KT,0.329,72,112,161,0.7,12,0.77,4.0,0.24,126.7,0.331,2023
8,김선빈,KIA,0.329,32,139,106,1.31,4,0.77,3.8,0.118,65.1,0.283,2023
9,박민우,NC,0.328,36,106,126,0.84,3,0.68,3.9,0.118,85.4,0.294,2023
10,김혜성,키움,0.326,41,132,156,0.85,9,0.76,3.82,0.132,90.9,0.287,2023
11,오스틴,LG,0.319,67,100,190,0.53,14,0.74,3.78,0.254,112.1,0.316,2023
12,김지찬,삼성,0.316,22,153,118,1.3,3,1.5,3.78,0.068,79.8,0.278,2023
13,양의지,두산,0.314,36,96,149,0.64,15,0.71,3.71,0.165,74.6,0.29,2023
14,나승엽,롯데,0.312,46,88,116,0.76,5,0.83,4.05,0.157,80.2,0.302,2023
15,소크라테스,KIA,0.31,59,125,170,0.74,9,0.45,3.66,0.207,98.1,0.291,2023
16,허경민,두산,0.309,35,125,144,0.87,4,1.44,3.69,0.118,69.3,0.28,2023
17,고승민,롯데,0.308,47,124,139,0.89,6,0.53,3.85,0.168,78.9,0.28,2023
18,박찬호,KIA,0.307,30,165,154,1.07,7,1.09,3.76,0.08,72.2,0.26,2023
19,데이비슨,NC,0.306,72,83,132,0.63,9,0.27,3.78,0.327,110.1,0.325,2023
20,강민호,삼성,0.303,39,124,111,1.12,9,0.67,3.46,0.194,68.8,0.288,2023
21,박성한,SSG,0.301,34,139,123,1.13,5,0.74,4.23,0.11,78.5,0.274,2023
22,문보경,LG,0.301,60,125,139,0.9,7,0.58,4.04,0.206,96.0,0.294,2023
23,권희동,NC,0.3,36,113,121,0.93,8,1.22,4.54,0.151,82.2,0.301,2023
24,안치홍,한화,0.3,34,118,147,0.8,8,0.7,3.91,0.127,73.8,0.273,2023
25,신민재,LG,0.297,17,145,83,1.75,3,1.36,3.73,0.059,63.0,0.27,2023
26,김현수,LG,0.294,46,125,173,0.72,10,0.62,3.73,0.124,78.4,0.265,2023
27,윤동희,롯데,0.293,53,134,133,1.01,6,0.59,4.26,0.16,88.3,0.282,2023
28,전준우,롯데,0.293,45,102,118,0.86,5,0.58,3.83,0.191,73.6,0.287,2023
29,최원준,KIA,0.292,35,127,122,1.04,8,0.76,4.01,0.128,71.2,0.272,2023
30,최정,SSG,0.291,66,75,150,0.5,14,0.48,3.84,0.303,103.9,0.321,2023
31,김태연,한화,0.291,36,100,108,0.93,3,0.51,3.92,0.145,64.8,0.272,2023
32,강백호,KT,0.289,53,139,127,1.09,9,0.46,4.0,0.191,93.4,0.282,2023
33,이우성,KIA,0.288,26,108,90,1.2,7,0.49,4.0,0.113,55.5,0.263,2023
34,서호철,NC,0.285,32,141,127,1.11,4,0.3,3.78,0.107,65.1,0.252,2023
35,정수빈,두산,0.284,28,160,141,1.13,4,0.99,4.1,0.076,81.8,0.259,2023
36,김재환,두산,0.283,57,65,116,0.56,7,0.38,4.02,0.243,91.9,0.297,2023
37,강승호,두산,0.28,59,97,124,0.78,9,0.2,3.78,0.196,78.9,0.267,2023
38,최형우,KIA,0.28,47,99,126,0.79,12,0.6,4.04,0.219,77.0,0.287,2023
39,최지훈,SSG,0.275,40,117,164,0.71,4,0.7,4.05,0.143,74.4,0.26,2023
40,배정대,KT,0.275,33,86,100,0.86,3,0.44,4.0,0.119,59.5,0.258,2023
41,페라자,한화,0.275,48,103,100,1.03,7,0.49,3.96,0.211,79.4,0.285,2023
42,박동원,LG,0.272,42,107,104,1.03,4,0.49,4.04,0.189,69.5,0.272,2023
43,노시환,한화,0.272,46,114,144,0.79,6,0.47,3.99,0.183,86.2,0.274,2023
44,채은성,한화,0.271,44,100,140,0.71,7,0.59,3.81,0.193,70.4,0.274,2023
45,장성우,KT,0.268,38,90,138,0.65,14,0.7,4.09,0.182,71.4,0.272,2023
46,이주형,키움,0.266,35,111,118,0.94,5,0.41,3.79,0.135,70.1,0.259,2023
47,박해민,LG,0.263,28,102,161,0.63,4,0.46,4.08,0.095,68.5,0.241,2023
48,박승욱,롯데,0.262,27,98,84,1.17,6,0.39,3.88,0.104,53.3,0.249,2023
49,이재현,삼성,0.26,33,87,121,0.72,5,0.7,4.38,0.159,62.1,0.269,2023
50,황재균,KT,0.26,35,113,159,0.71,5,0.36,3.84,0.124,53.5,0.235,2023
51,김휘집,NC,0.258,41,91,160,0.57,8,0.44,4.14,0.152,68.3,0.254,2023
52,최주환,키움,0.257,37,108,167,0.65,7,0.51,4.08,0.133,63.3,0.244,2023
53,김영웅,삼성,0.252,47,78,112,0.7,8,0.29,3.83,0.232,75.1,0.266,2023
54,김주원,NC,0.252,29,72,110,0.65,3,0.46,4.07,0.127,62.3,0.262,2023
55,양석환,두산,0.246,60,96,181,0.53,10,0.38,4.05,0.242,80.8,0.264,2023
56,한유섬,SSG,0.235,53,90,126,0.71,8,0.32,4.14,0.218,68.9,0.255,2023
1,에레디아,SSG,0.36,53,128,154,0.83,13,0.38,3.46,0.177,105.2,0.314,2024
2,레이예스,롯데,0.352,58,168,133,1.26,13,0.56,3.87,0.159,106.2,0.305,2024
3,김도영,KIA,0.347,77,101,151,0.67,15,0.6,3.81,0.3,138.2,0.351,2024
4,구자욱,삼성,0.343,73,128,129,0.99,12,0.75,3.8,0.284,118.5,0.344,2024
5,송성문,키움,0.34,52,136,138,0.99,11,0.78,3.88,0.178,111.4,0.314,2024
6,홍창기,LG,0.336,26,159,100,1.59,6,1.03,4.14,0.074,99.5,0.304,2024
7,로하스,KT,0.329,72,112,161,0.7,12,0.77,4.0,0.24,126.7,0.331,2024
8,김선빈,KIA,0.329,32,139,106,1.31,4,0.77,3.8,0.118,65.1,0.283,2024
9,박민우,NC,0.328,36,106,126,0.84,3,0.68,3.9,0.118,85.4,0.294,2024
10,김혜성,키움,0.326,41,132,156,0.85,9,0.76,3.82,0.132,90.9,0.287,2024
11,오스틴,LG,0.319,67,100,190,0.53,14,0.74,3.78,0.254,112.1,0.316,2024
12,김지찬,삼성,0.316,22,153,118,1.3,3,1.5,3.78,0.068,79.8,0.278,2024
13,양의지,두산,0.314,36,96,149,0.64,15,0.71,3.71,0.165,74.6,0.29,2024
14,나승엽,롯데,0.312,46,88,116,0.76,5,0.83,4.05,0.157,80.2,0.302,2024
15,소크라테스,KIA,0.31,59,125,170,0.74,9,0.45,3.66,0.207,98.1,0.291,2024
16,허경민,두산,0.309,35,125,144,0.87,4,1.44,3.69,0.118,69.3,0.28,2024
17,고승민,롯데,0.308,47,124,139,0.89,6,0.53,3.85,0.168,78.9,0.28,2024
18,박찬호,KIA,0.307,30,165,154,1.07,7,1.09,3.76,0.08,72.2,0.26,2024
19,데이비슨,NC,0.306,72,83,132,0.63,9,0.27,3.78,0.327,110.1,0.325,2024
20,강민호,삼성,0.303,39,124,111,1.12,9,0.67,3.46,0.194,68.8,0.288,2024
21,박성한,SSG,0.301,34,139,123,1.13,5,0.74,4.23,0.11,78.5,0.274,2024
22,문보경,LG,0.301,60,125,139,0.9,7,0.58,4.04,0.206,96.0,0.294,2024
23,권희동,NC,0.3,36,113,121,0.93,8,1.22,4.54,0.151,82.2,0.301,2024
24,안치홍,한화,0.3,34,118,147,0.8,8,0.7,3.91,0.127,73.8,0.273,2024
25,신민재,LG,0.297,17,145,83,1.75,3,1.36,3.73,0.059,63.0,0.27,2024
26,김현수,LG,0.294,46,125,173,0.72,10,0.62,3.73,0.124,78.4,0.265,2024
27,윤동희,롯데,0.293,53,134,133,1.01,6,0.59,4.26,0.16,88.3,0.282,2024
28,전준우,롯데,0.293,45,102,118,0.86,5,0.58,3.83,0.191,73.6,0.287,2024
29,최원준,KIA,0.292,35,127,122,1.04,8,0.76,4.01,0.128,71.2,0.272,2024
30,최정,SSG,0.291,66,75,150,0.5,14,0.48,3.84,0.303,103.9,0.321,2024
31,김태연,한화,0.291,36,100,108,0.93,3,0.51,3.92,0.145,64.8,0.272,2024
32,강백호,KT,0.289,53,139,127,1.09,9,0.46,4.0,0.191,93.4,0.282,2024
33,이우성,KIA,0.288,26,108,90,1.2,7,0.49,4.0,0.113,55.5,0.263,2024
34,서호철,NC,0.285,32,141,127,1.11,4,0.3,3.78,0.107,65.1,0.252,2024
35,정수빈,두산,0.284,28,160,141,1.13,4,0.99,4.1,0.076,81.8,0.259,2024
36,김재환,두산,0.283,57,65,116,0.56,7,0.38,4.02,0.243,91.9,0.297,2024
37,강승호,두산,0.28,59,97,124,0.78,9,0.2,3.78,0.196,78.9,0.267,2024
38,최형우,KIA,0.28,47,99,126,0.79,12,0.6,4.04,0.219,77.0,0.287,2024
39,최지훈,SSG,0.275,40,117,164,0.71,4,0.7,4.05,0.143,74.4,0.26,2024
40,배정대,KT,0.275,33,86,100,0.86,3,0.44,4.0,0.119,59.5,0.258,2024
41,페라자,한화,0.275,48,103,100,1.03,7,0.49,3.96,0.211,79.4,0.285,2024
42,박동원,LG,0.272,42,107,104,1.03,4,0.49,4.04,0.189,69.5,0.272,2024
43,노시환,한화,0.272,46,114,144,0.79,6,0.47,3.99,0.183,86.2,0.274,2024
44,채은성,한화,0.271,44,100,140,0.71,7,0.59,3.81,0.193,70.4,0.274,2024
45,장성우,KT,0.268,38,90,138,0.65,14,0.7,4.09,0.182,71.4,0.272,2024
46,이주형,키움,0.266,35,111,118,0.94,5,0.41,3.79,0.135,70.1,0.259,2024
47,박해민,LG,0.263,28,102,161,0.63,4,0.46,4.08,0.095,68.5,0.241,2024
48,박승욱,롯데,0.262,27,98,84,1.17,6,0.39,3.88,0.104,53.3,0.249,2024
49,이재현,삼성,0.26,33,87,121,0.72,5,0.7,4.38,0.159,62.1,0.269,2024
50,황재균,KT,0.26,35,113,159,0.71,5,0.36,3.84,0.124,53.5,0.235,2024
51,김휘집,NC,0.258,41,91,160,0.57,8,0.44,4.14,0.152,68.3,0.254,2024
52,최주환,키움,0.257,37,108,167,0.65,7,0.51,4.08,0.133,63.3,0.244,2024
53,김영웅,삼성,0.252,47,78,112,0.7,8,0.29,3.83,0.232,75.1,0.266,2024
54,김주원,NC,0.252,29,72,110,0.65,3,0.46,4.07,0.127,62.3,0.262,2024
55,양석환,두산,0.246,60,96,181,0.53,10,0.38,4.05,0.242,80.8,0.264,2024
56,한유섬,SSG,0.235,53,90,126,0.71,8,0.32,4.14,0.218,68.9,0.255,2024
1,양의지,두산,0.337,48,94,150,0.63,5,0.79,3.71,0.196,91.6,0.316,2025
2,안현민,KT,0.334,45,93,101,0.92,7,1.04,4.2,0.235,97.5,0.344,2025
3,김성윤,삼성,0.331,44,159,94,1.69,4,1.2,3.67,0.143,87.8,0.307,2025
4,레이예스,롯데,0.326,58,185,144,1.28,7,0.88,3.6,0.148,94.9,0.292,2025
5,문현빈,한화,0.32,44,148,140,1.06,13,0.46,3.62,0.133,88.0,0.28,2025
6,구자욱,삼성,0.319,64,147,130,1.13,15,0.8,4.05,0.197,105.7,0.31,2025
7,송성문,키움,0.315,67,139,161,0.86,8,0.71,3.79,0.214,114.9,0.307,2025
8,디아즈,삼성,0.314,82,103,186,0.55,16,0.6,3.82,0.33,126.0,0.332,2025
9,신민재,LG,0.313,23,191,74,2.58,4,1.09,3.89,0.069,72.5,0.273,2025
10,오스틴,LG,0.313,57,74,167,0.44,11,0.98,3.79,0.282,96.2,0.326,2025
11,최형우,KIA,0.307,55,103,129,0.8,9,0.68,3.99,0.222,95.1,0.312,2025
12,문성주,LG,0.305,25,166,114,1.46,10,0.92,3.77,0.069,69.7,0.263,2025
13,박민우,NC,0.302,36,109,113,0.96,6,0.69,3.66,0.124,68.6,0.279,2025
14,케이브,두산,0.299,50,129,140,0.92,7,0.37,3.78,0.164,89.1,0.274,2025
15,김현수,LG,0.298,36,147,120,1.23,15,0.88,3.89,0.124,77.9,0.278,2025
16,전준우,롯데,0.293,35,98,127,0.77,11,0.62,3.7,0.127,64.0,0.271,2025
17,김주원,NC,0.289,49,112,162,0.69,3,0.57,3.94,0.161,95.9,0.283,2025
18,채은성,한화,0.288,47,117,129,0.91,10,0.32,3.72,0.179,74.5,0.273,2025
19,박찬호,KIA,0.287,25,138,167,0.83,3,0.9,3.86,0.072,75.1,0.253,2025
20,최지훈,SSG,0.284,27,117,171,0.68,6,0.49,3.91,0.087,72.0,0.247,2025
21,허경민,KT,0.283,22,129,141,0.91,5,1.11,3.88,0.071,54.9,0.252,2025
22,류지혁,삼성,0.28,15,130,89,1.46,3,0.45,3.82,0.043,47.2,0.239,2025
23,고명준,SSG,0.278,38,124,124,1.0,11,0.2,3.38,0.155,60.9,0.246,2025
24,박해민,LG,0.276,23,100,130,0.77,3,0.72,3.96,0.07,69.3,0.257,2025
25,문보경,LG,0.276,46,162,112,1.45,13,0.73,4.13,0.184,90.2,0.282,2025
26,최주환,키움,0.275,44,112,161,0.7,6,0.55,4.07,0.15,64.2,0.255,2025
27,박성한,SSG,0.274,32,125,112,1.12,5,0.85,4.51,0.106,69.8,0.268,2025
28,한유섬,SSG,0.273,39,94,119,0.79,8,0.38,3.95,0.152,67.1,0.262,2025
29,고승민,롯데,0.271,27,126,137,0.92,6,0.67,4.0,0.079,60.8,0.245,2025
30,강민호,삼성,0.269,36,130,109,1.19,6,0.55,3.62,0.148,56.1,0.255,2025
31,오선우,KIA,0.265,36,92,71,1.3,7,0.22,4.07,0.167,56.7,0.253,2025
32,노시환,한화,0.26,62,121,157,0.77,16,0.56,3.94,0.237,91.3,0.284,2025
33,정수빈,두산,0.258,26,182,108,1.69,1,1.07,3.96,0.091,63.5,0.247,2025
34,이재현,삼성,0.254,46,88,142,0.62,6,0.58,4.37,0.173,76.6,0.269,2025
35,오지환,LG,0.253,41,90,114,0.79,6,0.32,4.19,0.177,58.8,0.249,2025
36,박동원,LG,0.253,47,110,108,1.02,8,0.5,3.89,0.202,72.2,0.268,2025
37,김휘집,NC,0.249,37,95,140,0.68,11,0.45,3.9,0.17,66.3,0.262,2025
38,김영웅,삼성,0.249,46,83,112,0.74,3,0.34,3.97,0.206,66.9,0.259,2025
39,장성우,KT,0.247,27,86,137,0.63,8,0.57,4.01,0.133,55.5,0.245,2025
40,권희동,NC,0.246,30,103,89,1.16,4,0.96,4.47,0.117,56.6,0.268,2025
41,최원준,NC,0.242,22,132,115,1.15,3,0.32,3.78,0.09,43.4,0.213,2025
42,이주형,키움,0.24,34,131,93,1.41,5,0.32,3.75,0.128,59.6,0.244,2025
43,위즈덤,KIA,0.236,56,67,121,0.55,5,0.37,4.39,0.3,75.8,0.278,2025
1,박성한,SSG,0.494,11,18,16,1.13,2,2.57,4.21,0.177,26.4,0.431,2026
2,류지혁,삼성,0.421,10,16,18,0.89,1,1.5,3.96,0.197,21.3,0.387,2026
3,박준순,두산,0.397,9,16,11,1.45,4,0.05,3.27,0.218,16.6,0.346,2026
4,천성호,LG,0.368,5,21,6,3.5,0,0.78,3.79,0.123,11.2,0.323,2026
5,페라자,한화,0.366,10,15,26,0.58,1,1.23,4.09,0.171,20.3,0.341,2026
5,레이예스,롯데,0.366,8,16,25,0.64,0,0.75,3.38,0.22,18.6,0.34,2026
7,고명준,SSG,0.365,9,12,14,0.86,2,0.36,3.28,0.27,14.5,0.344,2026
8,문현빈,한화,0.364,14,20,17,1.18,1,1.25,3.67,0.338,21.0,0.391,2026
9,문성주,LG,0.356,5,18,22,0.82,3,0.78,3.95,0.068,13.4,0.294,2026
10,박민우,NC,0.338,8,18,19,0.95,2,0.92,3.95,0.135,15.9,0.315,2026
11,오스틴,LG,0.333,11,19,28,0.68,3,1.2,3.67,0.286,19.7,0.34,2026
12,김선빈,KIA,0.329,5,29,13,2.23,0,2.67,4.19,0.1,14.7,0.312,2026
13,이우성,NC,0.322,9,15,13,1.15,0,0.67,4.01,0.254,12.7,0.325,2026
14,김호령,KIA,0.318,9,26,16,1.63,0,0.39,3.58,0.125,14.2,0.285,2026
15,김현수,KT,0.316,11,30,23,1.3,2,0.67,3.8,0.179,14.6,0.29,2026
16,최원준,KT,0.311,9,20,26,0.77,1,0.76,3.97,0.111,14.8,0.283,2026
17,노진혁,롯데,0.3,11,11,21,0.52,1,0.56,3.89,0.243,13.9,0.308,2026
17,데일,KIA,0.3,5,29,19,1.53,0,0.89,3.78,0.088,10.5,0.259,2026
19,박찬호,두산,0.296,7,21,19,1.11,0,0.88,3.79,0.111,14.1,0.284,2026
20,한태양,롯데,0.295,3,14,17,0.82,0,0.58,4.0,0.049,9.2,0.256,2026
21,강백호,한화,0.292,9,28,19,1.47,1,0.41,3.86,0.191,14.8,0.274,2026
22,디아즈,삼성,0.289,7,18,27,0.67,1,0.8,4.02,0.157,13.6,0.28,2026
23,최형우,삼성,0.286,7,23,26,0.88,1,2.57,3.98,0.195,15.7,0.313,2026
24,박건우,NC,0.278,9,9,24,0.38,2,0.53,3.54,0.236,13.0,0.293,2026
25,문보경,LG,0.277,5,17,16,1.06,1,1.19,4.13,0.138,13.9,0.3,2026
26,한동희,롯데,0.273,4,21,16,1.31,1,0.36,3.52,0.061,6.2,0.229,2026
27,한준수,KIA,0.269,6,12,20,0.6,1,2.14,4.1,0.192,10.6,0.307,2026
28,이주형,키움,0.268,11,22,21,1.05,3,0.29,3.66,0.195,13.1,0.266,2026
29,최정,SSG,0.267,11,12,25,0.48,2,0.74,3.91,0.24,16.2,0.306,2026
30,김상수,KT,0.266,3,19,22,0.86,2,1.57,4.33,0.047,8.0,0.248,2026
31,카스트로,KIA,0.265,11,24,19,1.26,2,0.21,3.91,0.181,9.5,0.244,2026
32,에레디아,SSG,0.264,8,12,37,0.32,1,0.05,3.51,0.198,10.8,0.237,2026
33,박해민,LG,0.263,4,18,30,0.6,1,0.67,4.05,0.053,9.9,0.231,2026
34,하주석,한화,0.262,1,21,6,3.5,1,0.22,3.53,0.016,5.1,0.208,2026
35,오지환,LG,0.262,4,21,19,1.11,2,1.11,3.83,0.092,10.0,0.256,2026
36,브룩스,키움,0.259,6,17,30,0.57,0,0.86,3.8,0.074,10.9,0.244,2026
37,김형준,NC,0.259,3,10,10,1.0,0,0.43,4.1,0.086,7.8,0.256,2026
38,심우준,한화,0.254,6,18,11,1.64,0,0.53,4.01,0.169,10.1,0.265,2026
39,카메론,두산,0.253,14,13,26,0.5,0,0.08,3.58,0.287,11.7,0.26,2026
40,채은성,한화,0.25,3,19,27,0.7,0,0.44,3.68,0.088,10.2,0.228,2026
40,김지찬,삼성,0.25,4,23,28,0.82,0,2.29,3.59,0.066,12.3,0.254,2026
40,최정원,NC,0.25,0,15,13,1.15,0,0.64,3.96,0.0,7.4,0.234,2026
40,이강민,KT,0.25,1,21,19,1.11,1,0.13,3.38,0.014,4.9,0.19,2026
40,나성범,KIA,0.25,5,17,15,1.13,3,0.52,4.03,0.153,12.0,0.263,2026
40,김건희,키움,0.25,5,16,11,1.45,1,0.33,3.99,0.109,8.3,0.234,2026
46,안치홍,키움,0.247,5,21,20,1.05,0,0.82,4.08,0.065,8.9,0.241,2026
47,장성우,KT,0.247,11,14,22,0.64,2,0.8,4.36,0.315,14.8,0.311,2026
48,김도영,KIA,0.241,10,20,28,0.71,2,0.81,3.55,0.265,14.4,0.283,2026
49,박동원,LG,0.237,5,15,14,1.07,0,0.67,4.03,0.119,9.1,0.253,2026
50,강민호,삼성,0.236,3,10,15,0.67,1,0.53,4.43,0.055,5.6,0.232,2026
51,양석환,두산,0.234,4,6,24,0.25,0,0.33,4.12,0.094,7.6,0.217,2026
52,힐리어드,KT,0.233,7,20,23,0.87,0,0.46,3.67,0.163,13.1,0.241,2026
53,김주원,NC,0.229,5,18,33,0.55,1,0.77,3.93,0.108,11.8,0.237,2026
54,양의지,두산,0.227,6,22,33,0.67,0,1.43,3.83,0.133,11.5,0.243,2026
55,정수빈,두산,0.216,2,22,22,1.0,2,0.71,4.53,0.081,9.4,0.221,2026
56,최주환,키움,0.212,3,19,22,0.86,0,0.33,4.2,0.076,3.9,0.186,2026
57,데이비슨,NC,0.208,6,15,26,0.58,1,0.29,3.98,0.167,8.2,0.222,2026
58,전준우,롯데,0.205,3,24,28,0.86,0,0.64,3.74,0.064,5.4,0.187,2026
59,최지훈,SSG,0.197,8,20,29,0.69,2,0.54,4.33,0.211,9.8,0.228,2026
60,신민재,LG,0.191,0,31,10,3.1,0,0.57,3.97,0.0,3.7,0.172,2026
61,윤동희,롯데,0.19,6,13,21,0.62,1,0.18,3.94,0.19,4.6,0.203,2026
62,노시환,한화,0.169,2,10,16,0.63,0,0.26,4.1,0.068,3.3,0.175,2026
63,홍창기,LG,0.148,2,23,7,3.29,1,0.94,4.71,0.037,6.3,0.209,2026
64,김재환,SSG,0.11,3,23,20,1.15,0,0.74,3.97,0.096,5.5,0.175,2026
