순위,팀명,경기,승,패,무,승률,게임차,연도,홈승,홈무,홈패,원정승,원정무,원정패,최근승,최근무,최근패,홈승률,원정승률,홈_원정_승률차,시즌진행중,AVG_타자,PA_타자,AB_타자,R_타자,H_타자,2B_타자,3B_타자,HR_타자,TB_타자,RBI_타자,SAC_타자,SF_타자,HR/G_타자,득점/G_타자,ERA_투수,W_투수,L_투수,SV_투수,HLD_투수,WPCT_투수,IP_투수,H_투수,HR_투수,BB_투수,HBP_투수,SO_투수,R_투수,ER_투수,WHIP_투수,K/9_투수,BB/9_투수,HR/9_투수,E_수비,PKO_수비,PO_수비,A_수비,DP_수비,FPCT_수비,PB_수비,SB_수비,CS_수비,CS%_수비,SBA_주루,SB_주루,CS_주루,SB%_주루,OOB_주루,PKO_주루
1,SSG,144,88,52,4,0.629,0.0,2022,49.0,0.0,23.0,39.0,4.0,29.0,4.0,0.0,6.0,0.681,0.574,0.107,,0.254,5642,4893,720,1245,242,18,138,1937,682,77,47,0.96,5.0,3.87,88,52,45,68,0.629,1301.3333,1223,130,457,65,1023,622,560,1.29,7.08,3.16,0.9,109,9,3904,1455,138,0.98,4,107,31,22.5,137,98,39,71.5,42,4
2,키움,144,80,62,2,0.563,9.0,2022,39.0,1.0,32.0,41.0,1.0,30.0,5.0,0.0,5.0,0.549,0.577,-0.028,,0.252,5655,4953,621,1250,203,33,94,1801,578,49,34,0.65,4.31,3.79,80,62,48,84,0.563,1296.3333,1247,96,490,70,1010,610,546,1.34,7.01,3.4,0.67,118,3,3889,1549,134,0.979,7,85,42,33.1,83,63,20,75.9,42,8
3,LG,144,87,55,2,0.613,2.0,2022,38.0,1.0,33.0,49.0,1.0,22.0,4.0,0.0,6.0,0.535,0.69,-0.155,,0.269,5627,4927,715,1325,208,33,118,1953,674,49,46,0.82,4.97,3.33,87,55,43,107,0.613,1288.0,1179,94,451,59,1031,521,476,1.27,7.2,3.15,0.66,89,6,3864,1394,139,0.983,7,113,26,18.7,148,102,46,68.9,46,10
4,KT,144,80,62,2,0.563,9.0,2022,40.0,1.0,31.0,40.0,1.0,31.0,7.0,0.0,3.0,0.563,0.563,0.0,,0.254,5547,4864,631,1237,192,19,119,1824,588,70,44,0.83,4.38,3.51,80,62,37,65,0.563,1287.3333,1243,92,364,63,1074,562,502,1.25,7.51,2.54,0.64,97,13,3862,1425,132,0.982,8,69,26,27.4,123,89,34,72.4,38,6
5,KIA,144,70,73,1,0.49,19.5,2022,31.0,0.0,41.0,39.0,1.0,32.0,7.0,0.0,3.0,0.431,0.549,-0.118,,0.272,5703,5000,720,1361,250,19,113,1988,677,61,36,0.78,5.0,4.2,70,73,38,74,0.49,1279.6667,1286,120,526,67,1042,679,597,1.42,7.33,3.7,0.84,107,5,3839,1378,111,0.98,8,64,41,39.0,137,103,34,75.2,57,5
6,NC,144,67,74,3,0.475,21.5,2022,35.0,3.0,34.0,32.0,0.0,40.0,6.0,0.0,4.0,0.507,0.444,0.063,,0.257,5585,4899,646,1260,230,15,105,1835,613,50,47,0.73,4.49,3.9,67,74,25,54,0.475,1286.6667,1230,111,515,98,1168,642,557,1.36,8.17,3.6,0.78,127,4,3860,1360,115,0.976,9,60,42,41.2,139,100,39,71.9,56,7
7,삼성,144,66,76,2,0.465,23.0,2022,33.0,2.0,37.0,33.0,0.0,39.0,6.0,0.0,4.0,0.471,0.458,0.013,,0.27,5647,5023,663,1358,241,19,103,1946,627,83,41,0.72,4.6,4.29,66,76,34,71,0.465,1287.0,1370,129,478,66,971,695,613,1.44,6.79,3.34,0.9,118,9,3861,1448,125,0.978,6,51,35,40.7,118,91,27,77.1,50,6
8,롯데,144,64,76,4,0.457,24.0,2022,27.0,3.0,42.0,37.0,1.0,34.0,5.0,0.0,5.0,0.391,0.521,-0.13,,0.267,5534,4948,605,1320,227,16,106,1897,570,73,42,0.74,4.2,4.45,64,76,34,69,0.457,1280.6667,1373,84,492,80,1199,712,633,1.46,8.43,3.46,0.59,114,3,3842,1403,124,0.979,11,99,39,28.3,100,61,39,61.0,54,6
9,두산,144,60,82,2,0.423,29.0,2022,29.0,1.0,42.0,31.0,1.0,40.0,4.0,0.0,6.0,0.408,0.437,-0.029,,0.255,5510,4891,638,1249,210,12,101,1786,592,53,45,0.7,4.43,4.45,60,82,32,68,0.423,1279.3333,1336,117,555,70,977,721,632,1.48,6.87,3.9,0.82,117,3,3838,1394,128,0.978,13,95,34,26.4,130,90,40,69.2,55,4
10,한화,144,46,96,2,0.324,43.0,2022,28.0,0.0,44.0,18.0,2.0,52.0,3.0,0.0,7.0,0.389,0.257,0.132,,0.245,5513,4878,564,1196,217,19,88,1715,520,45,40,0.61,3.92,4.83,46,96,25,81,0.324,1268.3333,1314,112,602,83,974,759,680,1.51,6.91,4.27,0.79,134,7,3805,1406,111,0.975,8,121,51,29.7,142,93,49,65.5,49,6
1,KIA,144,87,55,2,0.613,0.0,2023,42.0,1.0,30.0,45.0,1.0,25.0,5.0,0.0,5.0,0.583,0.643,-0.06,,0.301,5812,5124,858,1542,266,28,163,2353,812,45,53,1.13,5.96,4.4,87,55,44,89,0.613,1288.0,1365,141,539,85,1125,759,629,1.48,7.86,3.77,0.99,146,7,3864,1400,133,0.973,10,108,31,22.3,169,125,44,74.0,45,4
2,삼성,144,78,64,2,0.549,9.0,2023,41.0,0.0,32.0,37.0,2.0,32.0,3.0,0.0,7.0,0.562,0.536,0.026,,0.269,5697,4975,770,1336,204,17,185,2129,734,57,47,1.28,5.35,4.68,78,64,41,116,0.549,1282.6667,1384,164,477,81,980,719,667,1.45,6.88,3.35,1.15,81,3,3848,1252,105,0.984,8,114,50,30.5,142,113,29,79.6,39,4
3,LG,144,76,66,2,0.535,11.0,2023,39.0,1.0,33.0,37.0,1.0,33.0,7.0,0.0,3.0,0.542,0.529,0.013,,0.283,5725,4919,808,1394,238,29,115,2035,765,46,73,0.8,5.61,4.63,76,66,34,65,0.535,1277.0,1375,126,529,80,1082,728,657,1.49,7.63,3.73,0.89,102,5,3831,1348,135,0.981,10,126,40,24.1,250,171,79,68.4,61,12
4,두산,144,74,68,2,0.521,13.0,2023,39.0,1.0,31.0,35.0,1.0,37.0,8.0,0.0,2.0,0.557,0.486,0.071,,0.276,5680,4975,789,1375,243,21,150,2110,743,55,59,1.04,5.48,4.82,74,68,41,87,0.521,1283.6667,1332,135,585,92,1083,748,688,1.49,7.59,4.1,0.95,84,9,3851,1263,109,0.984,15,97,28,22.4,234,184,50,78.6,56,4
5,KT,144,72,70,2,0.507,15.0,2023,34.0,1.0,36.0,38.0,1.0,34.0,5.0,0.0,5.0,0.486,0.528,-0.042,,0.279,5808,5072,767,1413,234,16,145,2114,722,62,45,1.01,5.33,5.11,72,70,28,50,0.507,1284.3333,1448,155,443,65,1118,804,729,1.47,7.83,3.1,1.09,116,10,3853,1279,110,0.978,14,142,38,21.1,88,61,27,69.3,37,4
6,SSG,144,72,70,2,0.507,15.0,2023,35.0,1.0,35.0,37.0,1.0,35.0,8.0,0.0,2.0,0.5,0.514,-0.014,,0.273,5647,5001,756,1367,239,20,152,2102,724,51,48,1.06,5.25,5.25,72,70,33,80,0.507,1269.6667,1341,163,630,74,1195,814,740,1.55,8.47,4.47,1.16,119,5,3809,1336,123,0.977,11,119,40,25.2,188,149,39,79.3,32,3
7,롯데,144,66,74,4,0.471,20.0,2023,37.0,3.0,31.0,29.0,1.0,43.0,4.0,0.0,6.0,0.544,0.403,0.141,,0.285,5766,5110,802,1454,285,41,125,2196,757,37,57,0.87,5.57,5.05,66,74,30,58,0.471,1280.6667,1442,139,523,75,1131,791,719,1.53,7.95,3.68,0.98,123,10,3842,1411,143,0.977,3,89,36,28.8,147,105,42,71.4,54,13
8,한화,144,66,76,2,0.465,21.0,2023,30.0,2.0,39.0,36.0,0.0,37.0,5.0,0.0,5.0,0.435,0.493,-0.058,,0.27,5702,5005,745,1351,224,18,127,1992,698,42,40,0.88,5.17,4.98,66,76,26,68,0.465,1274.6667,1437,128,511,76,1130,780,706,1.53,7.98,3.61,0.9,105,5,3824,1324,132,0.98,12,110,43,28.1,110,69,41,62.7,44,7
9,NC,144,61,81,2,0.43,26.0,2023,34.0,0.0,39.0,27.0,2.0,42.0,2.0,0.0,8.0,0.466,0.391,0.075,,0.274,5757,5009,773,1371,226,15,172,2143,737,50,57,1.19,5.37,5.0,61,81,22,65,0.43,1275.6667,1389,137,531,67,1061,801,708,1.51,7.49,3.75,0.97,108,8,3827,1312,115,0.979,8,86,51,37.2,137,104,33,75.9,47,10
10,키움,144,58,86,0,0.403,30.0,2023,32.0,0.0,41.0,26.0,0.0,45.0,1.0,0.0,9.0,0.438,0.366,0.072,,0.264,5671,5015,672,1326,222,24,104,1908,641,37,49,0.72,4.67,5.16,58,86,23,48,0.403,1272.6667,1416,150,497,88,921,796,729,1.5,6.51,3.51,1.06,104,2,3818,1309,129,0.98,10,117,40,25.5,84,71,13,84.5,33,3
1,KIA,144,87,55,2,0.613,0.0,2024,42.0,1.0,30.0,45.0,1.0,25.0,5.0,0.0,5.0,0.583,0.643,-0.06,,0.301,5812,5124,858,1542,266,28,163,2353,812,45,53,1.13,5.96,4.4,87,55,44,89,0.613,1288.0,1365,141,539,85,1125,759,629,1.48,7.86,3.77,0.99,146,7,3864,1400,133,0.973,10,108,31,22.3,169,125,44,74.0,45,4
2,삼성,144,78,64,2,0.549,9.0,2024,41.0,0.0,32.0,37.0,2.0,32.0,3.0,0.0,7.0,0.562,0.536,0.026,,0.269,5697,4975,770,1336,204,17,185,2129,734,57,47,1.28,5.35,4.68,78,64,41,116,0.549,1282.6667,1384,164,477,81,980,719,667,1.45,6.88,3.35,1.15,81,3,3848,1252,105,0.984,8,114,50,30.5,142,113,29,79.6,39,4
3,LG,144,76,66,2,0.535,11.0,2024,39.0,1.0,33.0,37.0,1.0,33.0,7.0,0.0,3.0,0.542,0.529,0.013,,0.283,5725,4919,808,1394,238,29,115,2035,765,46,73,0.8,5.61,4.63,76,66,34,65,0.535,1277.0,1375,126,529,80,1082,728,657,1.49,7.63,3.73,0.89,102,5,3831,1348,135,0.981,10,126,40,24.1,250,171,79,68.4,61,12
4,두산,144,74,68,2,0.521,13.0,2024,39.0,1.0,31.0,35.0,1.0,37.0,8.0,0.0,2.0,0.557,0.486,0.071,,0.276,5680,4975,789,1375,243,21,150,2110,743,55,59,1.04,5.48,4.82,74,68,41,87,0.521,1283.6667,1332,135,585,92,1083,748,688,1.49,7.59,4.1,0.95,84,9,3851,1263,109,0.984,15,97,28,22.4,234,184,50,78.6,56,4
5,KT,144,72,70,2,0.507,15.0,2024,34.0,1.0,36.0,38.0,1.0,34.0,5.0,0.0,5.0,0.486,0.528,-0.042,,0.279,5808,5072,767,1413,234,16,145,2114,722,62,45,1.01,5.33,5.11,72,70,28,50,0.507,1284.3333,1448,155,443,65,1118,804,729,1.47,7.83,3.1,1.09,116,10,3853,1279,110,0.978,14,142,38,21.1,88,61,27,69.3,37,4
6,SSG,144,72,70,2,0.507,15.0,2024,35.0,1.0,35.0,37.0,1.0,35.0,8.0,0.0,2.0,0.5,0.514,-0.014,,0.273,5647,5001,756,1367,239,20,152,2102,724,51,48,1.06,5.25,5.25,72,70,33,80,0.507,1269.6667,1341,163,630,74,1195,814,740,1.55,8.47,4.47,1.16,119,5,3809,1336,123,0.977,11,119,40,25.2,188,149,39,79.3,32,3
7,롯데,144,66,74,4,0.471,20.0,2024,37.0,3.0,31.0,29.0,1.0,43.0,4.0,0.0,6.0,0.544,0.403,0.141,,0.285,5766,5110,802,1454,285,41,125,2196,757,37,57,0.87,5.57,5.05,66,74,30,58,0.471,1280.6667,1442,139,523,75,1131,791,719,1.53,7.95,3.68,0.98,123,10,3842,1411,143,0.977,3,89,36,28.8,147,105,42,71.4,54,13
8,한화,144,66,76,2,0.465,21.0,2024,30.0,2.0,39.0,36.0,0.0,37.0,5.0,0.0,5.0,0.435,0.493,-0.058,,0.27,5702,5005,745,1351,224,18,127,1992,698,42,40,0.88,5.17,4.98,66,76,26,68,0.465,1274.6667,1437,128,511,76,1130,780,706,1.53,7.98,3.61,0.9,105,5,3824,1324,132,0.98,12,110,43,28.1,110,69,41,62.7,44,7
9,NC,144,61,81,2,0.43,26.0,2024,34.0,0.0,39.0,27.0,2.0,42.0,2.0,0.0,8.0,0.466,0.391,0.075,,0.274,5757,5009,773,1371,226,15,172,2143,737,50,57,1.19,5.37,5.0,61,81,22,65,0.43,1275.6667,1389,137,531,67,1061,801,708,1.51,7.49,3.75,0.97,108,8,3827,1312,115,0.979,8,86,51,37.2,137,104,33,75.9,47,10
10,키움,144,58,86,0,0.403,30.0,2024,32.0,0.0,41.0,26.0,0.0,45.0,1.0,0.0,9.0,0.438,0.366,0.072,,0.264,5671,5015,672,1326,222,24,104,1908,641,37,49,0.72,4.67,5.16,58,86,23,48,0.403,1272.6667,1416,150,497,88,921,796,729,1.5,6.51,3.51,1.06,104,2,3818,1309,129,0.98,10,117,40,25.5,84,71,13,84.5,33,3
1,LG,144,85,56,3,0.603,0.0,2025,41.0,1.0,29.0,44.0,2.0,27.0,4.0,0.0,6.0,0.586,0.62,-0.034,,0.278,5713,4919,788,1366,219,19,130,2013,732,63,59,0.9,5.47,3.79,85,56,42,77,0.603,1279.3333,1236,91,491,62,1080,584,539,1.35,7.6,3.45,0.64,92,10,3838,1438,137,0.983,7,95,23,19.5,170,121,49,71.2,49,7
2,한화,144,83,57,4,0.593,1.5,2025,44.0,2.0,27.0,39.0,2.0,30.0,5.0,1.0,4.0,0.62,0.565,0.055,,0.266,5547,4892,689,1303,250,16,116,1933,643,79,46,0.81,4.78,3.55,83,57,41,57,0.593,1290.3333,1185,102,450,93,1339,554,509,1.27,9.34,3.14,0.71,86,4,3871,1325,100,0.984,11,96,39,28.9,139,101,38,72.7,50,15
3,SSG,144,75,65,4,0.536,9.5,2025,38.0,4.0,31.0,37.0,0.0,34.0,6.0,0.0,4.0,0.551,0.521,0.03,,0.256,5517,4875,609,1249,175,14,127,1833,578,52,37,0.88,4.23,3.63,75,65,36,102,0.536,1283.3333,1164,115,510,78,1193,576,517,1.3,8.37,3.58,0.81,106,10,3850,1398,139,0.98,4,110,46,29.5,176,129,47,73.3,40,3
4,삼성,144,74,68,2,0.521,11.5,2025,41.0,0.0,30.0,33.0,2.0,38.0,7.0,0.0,3.0,0.577,0.465,0.112,,0.271,5671,4899,775,1330,241,18,161,2090,728,67,55,1.12,5.38,4.12,74,68,25,76,0.521,1268.6667,1257,132,455,70,1048,647,581,1.35,7.43,3.23,0.94,87,8,3806,1389,122,0.984,12,107,26,19.5,130,98,32,75.4,53,3
5,NC,144,71,67,6,0.514,12.5,2025,36.0,1.0,34.0,35.0,5.0,33.0,9.0,0.0,1.0,0.514,0.515,-0.001,,0.26,5570,4816,732,1254,221,31,128,1921,685,62,52,0.89,5.08,4.82,71,67,39,103,0.514,1270.0,1279,146,621,97,1075,766,680,1.5,7.62,4.4,1.03,116,5,3810,1381,119,0.978,7,80,36,31.0,250,186,64,74.4,45,14
6,KT,144,71,68,5,0.511,13.0,2025,36.0,2.0,35.0,35.0,3.0,33.0,5.0,1.0,4.0,0.507,0.515,-0.008,,0.253,5588,4845,648,1228,214,17,104,1788,613,65,43,0.72,4.5,4.09,71,68,37,60,0.511,1278.3333,1362,112,433,58,1067,657,581,1.4,7.51,3.05,0.79,103,5,3835,1458,105,0.981,6,128,32,20.0,72,48,24,66.7,40,9
7,롯데,144,66,72,6,0.478,17.5,2025,35.0,4.0,34.0,31.0,2.0,38.0,2.0,0.0,8.0,0.507,0.449,0.058,,0.267,5682,4944,676,1318,242,26,75,1837,629,72,45,0.52,4.69,4.75,66,72,36,69,0.478,1280.0,1351,128,560,73,1173,749,676,1.49,8.25,3.94,0.9,111,5,3840,1380,117,0.979,13,104,23,18.1,119,91,28,76.5,51,2
8,KIA,144,65,75,4,0.464,19.5,2025,35.0,2.0,34.0,30.0,2.0,41.0,4.0,0.0,6.0,0.507,0.423,0.084,,0.258,5619,4944,668,1276,232,16,144,1972,624,43,39,1.0,4.64,4.66,65,75,30,82,0.464,1274.6667,1316,110,511,84,1058,734,660,1.43,7.47,3.61,0.78,123,10,3824,1422,127,0.977,8,111,41,27.0,99,77,22,77.8,44,7
9,두산,144,61,77,6,0.442,22.5,2025,29.0,4.0,40.0,32.0,2.0,37.0,5.0,0.0,5.0,0.42,0.464,-0.044,,0.262,5581,4952,647,1298,232,31,102,1898,592,53,42,0.71,4.49,4.3,61,77,29,69,0.442,1280.0,1227,109,542,99,1054,686,612,1.38,7.41,3.81,0.77,120,12,3840,1363,123,0.977,12,103,43,29.5,187,144,43,77.0,58,8
10,키움,144,47,93,4,0.336,37.5,2025,23.0,2.0,46.0,24.0,2.0,47.0,3.0,0.0,7.0,0.333,0.338,-0.005,,0.244,5508,4935,581,1202,217,20,104,1771,540,38,33,0.72,4.03,5.39,47,93,31,55,0.336,1269.0,1447,146,550,92,937,860,760,1.57,6.65,3.9,1.04,119,4,3807,1317,111,0.977,13,107,53,33.1,98,83,15,84.7,38,5
1,KT,22,16,6,0,0.727,0.0,2026,8.0,0.0,4.0,8.0,0.0,2.0,8.0,0.0,2.0,0.667,0.8,-0.133,True,0.289,906,778,139,225,45,4,18,332,131,9,8,0.82,6.32,3.83,16,6,8,13,0.727,200.0,208,14,73,13,178,95,85,1.41,8.01,3.28,0.63,17,0,600,222,24,0.98,0,22,5,18.5,15,8,7,53.3,5,0
2,LG,21,14,7,0,0.667,1.5,2026,9.0,0.0,5.0,5.0,0.0,2.0,7.0,0.0,3.0,0.643,0.714,-0.071,True,0.265,825,688,96,182,30,1,12,250,93,12,9,0.57,4.57,3.47,14,7,11,14,0.667,187.0,183,15,67,9,153,78,72,1.34,7.36,3.22,0.72,12,2,561,202,16,0.985,0,15,6,28.6,26,19,7,73.1,10,1
3,SSG,21,13,8,0,0.619,2.5,2026,6.0,0.0,4.0,7.0,0.0,4.0,6.0,0.0,4.0,0.6,0.636,-0.036,True,0.266,851,722,119,192,42,2,22,304,110,7,7,1.05,5.67,4.21,13,8,5,6,0.619,186.0,181,17,97,15,157,103,87,1.49,7.6,4.69,0.82,20,1,558,215,23,0.975,1,10,5,33.3,21,18,3,85.7,5,0
4,삼성,21,12,8,1,0.6,3.0,2026,6.0,1.0,6.0,6.0,0.0,2.0,6.0,0.0,4.0,0.5,0.75,-0.25,True,0.269,860,728,115,196,36,7,15,291,107,4,5,0.71,5.48,4.26,12,8,5,13,0.6,190.0,183,21,89,17,140,95,90,1.43,6.63,4.22,0.99,11,0,570,232,19,0.986,3,18,5,21.7,18,12,6,66.7,4,2
5,KIA,22,10,12,0,0.455,6.0,2026,5.0,0.0,3.0,5.0,0.0,9.0,5.0,0.0,5.0,0.625,0.357,0.268,True,0.266,874,744,109,198,40,0,17,289,105,14,8,0.77,4.95,4.9,10,12,4,16,0.455,193.0,193,21,90,13,147,112,105,1.47,6.85,4.2,0.98,13,0,579,193,13,0.983,2,18,4,18.2,12,10,2,83.3,4,2
6,한화,21,9,12,0,0.429,6.5,2026,2.0,0.0,9.0,7.0,0.0,3.0,3.0,0.0,7.0,0.182,0.7,-0.518,True,0.271,870,757,124,205,31,4,18,298,117,7,7,0.86,5.9,5.36,9,12,2,16,0.429,188.0,208,13,117,17,172,131,112,1.73,8.23,5.6,0.62,25,1,564,190,24,0.968,2,9,3,25.0,19,13,6,68.4,4,2
6,NC,21,9,12,0,0.429,6.5,2026,6.0,0.0,6.0,3.0,0.0,6.0,3.0,0.0,7.0,0.5,0.333,0.167,True,0.252,829,713,98,180,33,0,20,273,89,7,1,0.95,4.67,4.23,9,12,2,10,0.429,183.0,154,20,90,14,147,91,86,1.33,7.23,4.43,0.98,12,2,549,198,15,0.984,1,11,3,21.4,39,33,6,84.6,7,1
6,두산,22,9,12,1,0.429,6.5,2026,4.0,0.0,4.0,5.0,1.0,8.0,5.0,0.0,5.0,0.5,0.385,0.115,True,0.25,868,752,100,188,36,5,18,288,92,10,10,0.82,4.55,4.52,9,12,4,5,0.429,195.0,197,16,95,14,185,116,98,1.5,8.54,4.38,0.74,17,0,585,195,18,0.979,1,12,1,7.7,19,16,3,84.2,3,1
9,롯데,21,7,14,0,0.333,8.5,2026,2.0,0.0,8.0,5.0,0.0,6.0,3.0,0.0,7.0,0.2,0.455,-0.255,True,0.25,788,711,65,178,32,2,17,265,61,6,6,0.81,3.1,4.64,7,14,4,6,0.333,184.3333,187,13,95,11,170,106,95,1.53,8.3,4.64,0.63,14,2,553,194,13,0.982,1,17,8,32.0,18,14,4,77.8,12,0
10,키움,22,7,15,0,0.318,9.0,2026,4.0,0.0,5.0,3.0,0.0,10.0,4.0,0.0,6.0,0.444,0.231,0.213,True,0.232,833,736,74,171,36,1,11,242,67,8,6,0.5,3.36,4.74,7,15,6,14,0.318,191.6667,221,18,78,10,151,112,101,1.56,7.09,3.66,0.85,22,1,575,197,20,0.972,0,14,4,22.2,6,6,0,100.0,6,0
